{"f5v5n2e20_loss":{"0":0.2877055785,"1":0.1760405022,"2":0.1104731494,"3":0.0784136522,"4":0.0624224508,"5":0.0551609825,"6":0.0525167637,"7":0.0469379709,"8":0.043214789,"9":0.039921318,"10":0.037741661,"11":0.0354523124,"12":0.0331335334,"13":0.0303955478,"14":0.0281850697,"15":0.0262644091,"16":0.0241188817,"17":0.0223930012,"18":0.0207515201,"19":0.0196471744},"f5v5n2e20val_loss":{"0":0.4067487265,"1":0.2621885435,"2":0.1579065602,"3":0.0916963486,"4":0.0648106222,"5":0.05120352,"6":0.0369343359,"7":0.0369814454,"8":0.0293757777,"9":0.0262322325,"10":0.0269407753,"11":0.0175300962,"12":0.0179657172,"13":0.0144116209,"14":0.014088941,"15":0.012486823,"16":0.0108729619,"17":0.0101123403,"18":0.0097773742,"19":0.0073803141}}