{"f5v5n2e20_loss":{"0":0.1796722341,"1":0.1435045013,"2":0.1221755044,"3":0.1082924605,"4":0.0957716528,"5":0.0861949271,"6":0.0790712827,"7":0.0725932879,"8":0.0676166276,"9":0.0617821655,"10":0.0578277802,"11":0.0548108049,"12":0.0512230348,"13":0.0486985064,"14":0.0457444813,"15":0.0435460541,"16":0.0416604537,"17":0.0391550346,"18":0.0375377915,"19":0.0358745296},"f5v5n2e20val_loss":{"0":0.0560792221,"1":0.0540919632,"2":0.0496142794,"3":0.036013752,"4":0.0356318503,"5":0.0298754955,"6":0.0239653554,"7":0.0183767438,"8":0.0200490562,"9":0.0163308935,"10":0.0143587641,"11":0.0147200284,"12":0.0130254389,"13":0.0114549798,"14":0.0123007966,"15":0.0128006469,"16":0.0095207009,"17":0.0103322338,"18":0.0086285561,"19":0.00784125}}