{"f1v1n2e20_loss":{"0":0.2737401556,"1":0.1871018456,"2":0.127668189,"3":0.0923047097,"4":0.0708234121,"5":0.0569488256,"6":0.0459193506,"7":0.0394449758,"8":0.0343341826,"9":0.0304954275,"10":0.0279135236,"11":0.0244130478,"12":0.022033176,"13":0.0195836236,"14":0.0175841303,"15":0.0155705631,"16":0.0135431984,"17":0.0121710078,"18":0.0113750262,"19":0.0099762018},"f1v1n2e20val_loss":{"0":0.3999869337,"1":0.2685913961,"2":0.1907457607,"3":0.141200846,"4":0.1027238945,"5":0.0725931917,"6":0.0551922808,"7":0.0415666501,"8":0.0301760199,"9":0.022375297,"10":0.0148672408,"11":0.012265509,"12":0.0107459022,"13":0.0093183862,"14":0.0062592078,"15":0.0068001107,"16":0.0053257951,"17":0.0056641978,"18":0.0050358513,"19":0.0064036695}}