{"f5v5n2e20_loss":{"0":0.510948676,"1":0.3216842186,"2":0.1875792419,"3":0.101964776,"4":0.0702801796,"5":0.0631233865,"6":0.0548003126,"7":0.0518716252,"8":0.0495718538,"9":0.0471721212,"10":0.0457437868,"11":0.0429967597,"12":0.0411677593,"13":0.039020036,"14":0.0374662704,"15":0.0355120536,"16":0.0340433742,"17":0.0324039661,"18":0.0304972958,"19":0.0291092113},"f5v5n2e20val_loss":{"0":0.7827784874,"1":0.443102027,"2":0.1905732725,"3":0.0966144945,"4":0.0512738222,"5":0.0248860648,"6":0.0200980837,"7":0.0188265437,"8":0.0134190003,"9":0.0107985829,"10":0.0094249517,"11":0.0102896927,"12":0.0081811548,"13":0.007834317,"14":0.0065629123,"15":0.0065459787,"16":0.0074325822,"17":0.0064953556,"18":0.0049740728,"19":0.0039813069}}