{"f7v5n4e20_loss":{"0":0.1324244621,"1":0.0890774064,"2":0.0693037076,"3":0.0601090393,"4":0.0541129479,"5":0.0481907412,"6":0.0409655263,"7":0.0359200366,"8":0.0280503091,"9":0.0236413265,"10":0.0180186787,"11":0.0162478574,"12":0.0123387513,"13":0.011035606,"14":0.0095625119,"15":0.0084373907,"16":0.0086585981,"17":0.0085225346,"18":0.0075521877,"19":0.006820584},"f7v5n4e20val_loss":{"0":0.1963904497,"1":0.1172188136,"2":0.0759345806,"3":0.0499091493,"4":0.0396484942,"5":0.0321805086,"6":0.0269737246,"7":0.0165177243,"8":0.0153915269,"9":0.0093960743,"10":0.0079517413,"11":0.0076201406,"12":0.0082387167,"13":0.0083477281,"14":0.0096057205,"15":0.008444676,"16":0.0086355792,"17":0.0085574193,"18":0.0076800055,"19":0.0092610438}}