{"f7v5n4e20_loss":{"0":0.1796948496,"1":0.1050863323,"2":0.088030892,"3":0.0673727531,"4":0.0588107073,"5":0.0491123868,"6":0.0406873414,"7":0.0341403683,"8":0.030028719,"9":0.0243336838,"10":0.0215552831,"11":0.0167317282,"12":0.0138555166,"13":0.0116996127,"14":0.0103683363,"15":0.0088406019,"16":0.0074424695,"17":0.0067151528,"18":0.0060766308,"19":0.0057764652},"f7v5n4e20val_loss":{"0":0.2276998496,"1":0.1149328615,"2":0.0595824357,"3":0.0499433955,"4":0.0353346115,"5":0.0304194159,"6":0.0238022998,"7":0.018959911,"8":0.010943155,"9":0.0135925641,"10":0.0075067932,"11":0.0072979959,"12":0.0071090439,"13":0.0054277971,"14":0.0050813413,"15":0.0053712884,"16":0.0054877165,"17":0.0058568669,"18":0.0061420892,"19":0.0066306925}}