{"f7v1n2e20_loss":{"0":0.2793390516,"1":0.2198308392,"2":0.1712801717,"3":0.1419071308,"4":0.1159031553,"5":0.0977326749,"6":0.0856135486,"7":0.0766387148,"8":0.0719939527,"9":0.0643619424,"10":0.0602943366,"11":0.0563788135,"12":0.0531901979,"13":0.050209656,"14":0.0478578166,"15":0.0453893767,"16":0.0433316601,"17":0.0408533927,"18":0.0390168698,"19":0.0361254654},"f7v1n2e20val_loss":{"0":0.6106335317,"1":0.4713353546,"2":0.3727247221,"3":0.2817954076,"4":0.2204028482,"5":0.1689656659,"6":0.1358210405,"7":0.109144883,"8":0.0815573545,"9":0.0694061935,"10":0.0611436631,"11":0.0493750457,"12":0.0433786805,"13":0.0386815727,"14":0.036365446,"15":0.0314612466,"16":0.0268339143,"17":0.0271725536,"18":0.0230760421,"19":0.0225230406}}