{"f5v7n2e20_loss":{"0":0.4330795717,"1":0.2524349081,"2":0.1400699835,"3":0.0802566017,"4":0.0516862665,"5":0.0406257501,"6":0.0347128014,"7":0.0311112816,"8":0.0274292258,"9":0.0248770597,"10":0.0228431848,"11":0.0197960255,"12":0.0183302393,"13":0.0169474301,"14":0.0152350855,"15":0.0142375313,"16":0.0128777662,"17":0.0124584142,"18":0.0114530044,"19":0.0108907342},"f5v7n2e20val_loss":{"0":0.5688247222,"1":0.3090349064,"2":0.1441680165,"3":0.0683990383,"4":0.0336351251,"5":0.0153492297,"6":0.0091879645,"7":0.0073954351,"8":0.0071546467,"9":0.0070190493,"10":0.0058876285,"11":0.0061732289,"12":0.0064206791,"13":0.0066634481,"14":0.0070611665,"15":0.0076809905,"16":0.0079518114,"17":0.0072373631,"18":0.0079588316,"19":0.0100833122}}