{"f5v2n4e20_loss":{"0":0.1630042191,"1":0.0907197651,"2":0.0540789726,"3":0.0342310516,"4":0.0269041994,"5":0.0220638394,"6":0.0187875885,"7":0.015843839,"8":0.0137665544,"9":0.0110147268,"10":0.009389506,"11":0.0081353679,"12":0.006933805,"13":0.0063581433,"14":0.0057961442,"15":0.005264738,"16":0.0049128662,"17":0.004646567,"18":0.0044758301,"19":0.0043008391},"f5v2n4e20val_loss":{"0":0.254073951,"1":0.1470912902,"2":0.076804441,"3":0.0427987933,"4":0.0229527595,"5":0.0166441587,"6":0.0135109571,"7":0.0088781688,"8":0.0089584766,"9":0.007875051,"10":0.00731698,"11":0.0063827712,"12":0.0069558063,"13":0.0070033042,"14":0.0074118844,"15":0.0076755497,"16":0.0078497517,"17":0.0080790148,"18":0.0080994984,"19":0.0082232045}}