{"f5v2n4e20_loss":{"0":0.1415847998,"1":0.1123632279,"2":0.095273736,"3":0.0840394788,"4":0.072367554,"5":0.0615181639,"6":0.0537841935,"7":0.0474930216,"8":0.0423134475,"9":0.0342753296,"10":0.0294557754,"11":0.0249971956,"12":0.0210525126,"13":0.0178246481,"14":0.014658768,"15":0.0124410201,"16":0.0097933803,"17":0.0084471231,"18":0.0071055163,"19":0.0061252332},"f5v2n4e20val_loss":{"0":0.2140975235,"1":0.1382064822,"2":0.0957379462,"3":0.0754121808,"4":0.0662011028,"5":0.0583302436,"6":0.0486390565,"7":0.042928129,"8":0.0288264141,"9":0.0257811239,"10":0.0218451232,"11":0.0175010542,"12":0.014220719,"13":0.0094059571,"14":0.0091967685,"15":0.0058158465,"16":0.0051097773,"17":0.0045540226,"18":0.0040287749,"19":0.0041890093}}