{"f2v2n2e20_loss":{"0":0.1015879005,"1":0.0860298603,"2":0.0730319691,"3":0.0603279554,"4":0.0510632579,"5":0.0414420024,"6":0.0355840591,"7":0.0308742638,"8":0.0264003424,"9":0.0232950053,"10":0.0194539979,"11":0.0162858644,"12":0.0140132344,"13":0.0116191864,"14":0.010204626,"15":0.0088112414,"16":0.0077992305,"17":0.0073316613,"18":0.0068303276,"19":0.006598438},"f2v2n2e20val_loss":{"0":0.1796216574,"1":0.1458074038,"2":0.1136148538,"3":0.0880957434,"4":0.0578386049,"5":0.0375983542,"6":0.0241825555,"7":0.0152689439,"8":0.0106572363,"9":0.0070764527,"10":0.0053109057,"11":0.0040151076,"12":0.0036978907,"13":0.0041808545,"14":0.0049457394,"15":0.0060392046,"16":0.0065147888,"17":0.0079685903,"18":0.0092630209,"19":0.0086239036}}