{"f1v7n4e20_loss":{"0":0.067023756,"1":0.0386329821,"2":0.0237115414,"3":0.018312465,"4":0.0167792432,"5":0.0128976134,"6":0.0113883494,"7":0.0084205746,"8":0.0071374539,"9":0.0065326741,"10":0.0057741504,"11":0.0062533677,"12":0.0052412617,"13":0.0044493796,"14":0.0044358237,"15":0.0037336288,"16":0.0035674578,"17":0.0033679582,"18":0.0031987338,"19":0.0034782203},"f1v7n4e20val_loss":{"0":0.0748433586,"1":0.0550820893,"2":0.069578073,"3":0.0709994127,"4":0.069081167,"5":0.0538922231,"6":0.0594411301,"7":0.0503988607,"8":0.0556028589,"9":0.050896648,"10":0.0475163448,"11":0.0470634558,"12":0.0446132625,"13":0.0436901066,"14":0.0394745326,"15":0.0366494909,"16":0.0356774133,"17":0.0354265717,"18":0.0317450874,"19":0.0320443539}}