{"f2v2n2e20_loss":{"0":0.1232254558,"1":0.1050076962,"2":0.0920944977,"3":0.0809558399,"4":0.0738834447,"5":0.067062182,"6":0.0619935463,"7":0.0580797057,"8":0.0525779746,"9":0.0485141059,"10":0.0433198113,"11":0.0381653788,"12":0.0334162725,"13":0.0288846325,"14":0.0245007857,"15":0.0200370376,"16":0.0169334339,"17":0.0137283183,"18":0.0108494029,"19":0.008981925},"f2v2n2e20val_loss":{"0":0.2574447176,"1":0.2053576767,"2":0.1694966085,"3":0.1484591653,"4":0.1222765371,"5":0.1033372594,"6":0.0873466324,"7":0.0685642096,"8":0.058876471,"9":0.0461436159,"10":0.0393552109,"11":0.0322164038,"12":0.0251586107,"13":0.017117752,"14":0.0133627189,"15":0.0107935853,"16":0.0077202244,"17":0.0041844037,"18":0.0030894788,"19":0.0028598915}}