{"f5v7n2e20_loss":{"0":0.1479878028,"1":0.1088243356,"2":0.0875667782,"3":0.0742517906,"4":0.0638927633,"5":0.0556868872,"6":0.0498720237,"7":0.0435146706,"8":0.0381207995,"9":0.0332068248,"10":0.028589607,"11":0.0236459888,"12":0.0196760938,"13":0.0157875703,"14":0.0125780599,"15":0.0102604734,"16":0.0079129716,"17":0.0068270651,"18":0.0054922217,"19":0.0048039439},"f5v7n2e20val_loss":{"0":0.0127218923,"1":0.0189861292,"2":0.020625614,"3":0.0247499396,"4":0.0255712322,"5":0.0231609394,"6":0.0211853833,"7":0.0205678752,"8":0.0157027966,"9":0.0126963665,"10":0.0111204234,"11":0.0110512414,"12":0.0078534157,"13":0.0068470823,"14":0.0060524215,"15":0.0059547436,"16":0.0059776389,"17":0.0071864984,"18":0.0078878964,"19":0.0098771978}}