{"f5v7n2e20_loss":{"0":0.2562563867,"1":0.1956099687,"2":0.1592704586,"3":0.1335734768,"4":0.1173125786,"5":0.1062711655,"6":0.0976647968,"7":0.0857216312,"8":0.0803431251,"9":0.0721954939,"10":0.0653416891,"11":0.0600513075,"12":0.055034955,"13":0.049079529,"14":0.0444664607,"15":0.0398689935,"16":0.0346797329,"17":0.0303719046,"18":0.0268649254,"19":0.0234282794},"f5v7n2e20val_loss":{"0":0.5739397897,"1":0.4230594782,"2":0.3154589364,"3":0.2620316792,"4":0.2236947838,"5":0.1932634546,"6":0.1599690088,"7":0.154182618,"8":0.1294716492,"9":0.126205847,"10":0.1105712478,"11":0.0956315819,"12":0.0851780556,"13":0.0780264676,"14":0.0721722071,"15":0.0627714338,"16":0.0642479845,"17":0.0535492161,"18":0.0453506022,"19":0.0438921161}}