{"f5v1n2e20_loss":{"0":0.128429388,"1":0.1094120266,"2":0.0945053758,"3":0.0836554976,"4":0.0756352614,"5":0.06851448,"6":0.0636768068,"7":0.0597633009,"8":0.0570767967,"9":0.054330721,"10":0.0522466996,"11":0.0504032406,"12":0.0482756981,"13":0.0460675149,"14":0.0440654707,"15":0.0417886203,"16":0.0391352682,"17":0.0364568674,"18":0.0339246452,"19":0.0312645867},"f5v1n2e20val_loss":{"0":0.2351229434,"1":0.1979224317,"2":0.1697947014,"3":0.1462407242,"4":0.1255855843,"5":0.1109686163,"6":0.0972747487,"7":0.0846281697,"8":0.0743667378,"9":0.0672255867,"10":0.0619148568,"11":0.0547957086,"12":0.0490655455,"13":0.0465279037,"14":0.0419229951,"15":0.0390519722,"16":0.0344607356,"17":0.030900099,"18":0.02725561,"19":0.0269248661}}