{"f7v5n2e20_loss":{"0":0.4357911095,"1":0.3132424462,"2":0.2122858937,"3":0.1358656445,"4":0.093458775,"5":0.0719436191,"6":0.0624110489,"7":0.0582680564,"8":0.056087309,"9":0.052866094,"10":0.050937108,"11":0.0482848428,"12":0.0460599183,"13":0.0440191255,"14":0.0421757872,"15":0.040213775,"16":0.0382191145,"17":0.0358373099,"18":0.0330366424,"19":0.0301902326},"f7v5n2e20val_loss":{"0":0.6773010545,"1":0.5003636623,"2":0.3508757905,"3":0.2166216539,"4":0.1333476673,"5":0.0893952058,"6":0.0707941037,"7":0.0561086989,"8":0.0432347506,"9":0.0422200884,"10":0.0357052157,"11":0.0337855892,"12":0.0317847469,"13":0.0286942294,"14":0.0248307939,"15":0.023864931,"16":0.020277254,"17":0.0185782756,"18":0.0157388809,"19":0.0129053249}}