{"f2v2n4e35_loss":{"0":0.0932375232,"1":0.0840662657,"2":0.0771358761,"3":0.0702842605,"4":0.0652339743,"5":0.0602579051,"6":0.05585841,"7":0.0527655372,"8":0.0503739041,"9":0.0476455543,"10":0.0458772556,"11":0.0444896428,"12":0.0428187918,"13":0.0413896808,"14":0.0400899444,"15":0.0389692192,"16":0.0367485749,"17":0.035457825,"18":0.0336853433,"19":0.0320568247,"20":0.0302690043,"21":0.0286101565,"22":0.0265393249,"23":0.0246434208,"24":0.0226376498,"25":0.0205762662,"26":0.0187536561,"27":0.0165338867,"28":0.0147422978,"29":0.0128985523,"30":0.0109153964,"31":0.009274574,"32":0.0078127307,"33":0.0063303762,"34":0.0052874842},"f2v2n4e35val_loss":{"0":0.1727711911,"1":0.1559341856,"2":0.1382910888,"3":0.1227984029,"4":0.1076347961,"5":0.0951102425,"6":0.0840650989,"7":0.0726626467,"8":0.0645605095,"9":0.0585864757,"10":0.0536009472,"11":0.0465228225,"12":0.0421082463,"13":0.0411869413,"14":0.0356537625,"15":0.0312835069,"16":0.0300222985,"17":0.0306697474,"18":0.0274311105,"19":0.0243490643,"20":0.0240331543,"21":0.0194966133,"22":0.0187267182,"23":0.0160601062,"24":0.0150800339,"25":0.0134709359,"26":0.0108245447,"27":0.0092891294,"28":0.0099329252,"29":0.0072138335,"30":0.0060657888,"31":0.0056013223,"32":0.003906476,"33":0.0035298615,"34":0.0031272322}}