{"f5v5n4e20_loss":{"0":0.1914364556,"1":0.0799929582,"2":0.0348084504,"3":0.0208431335,"4":0.0175551868,"5":0.0143065952,"6":0.0120645714,"7":0.0100687922,"8":0.0086872099,"9":0.0080646206,"10":0.0071937248,"11":0.0067403496,"12":0.0063588336,"13":0.0062283287,"14":0.0063969847,"15":0.0059336847,"16":0.0056525959,"17":0.0055895292,"18":0.0051354095,"19":0.0051566115},"f5v5n4e20val_loss":{"0":0.2685223754,"1":0.1162896824,"2":0.0515515233,"3":0.0337926698,"4":0.0233602399,"5":0.0220304691,"6":0.0177562528,"7":0.018881058,"8":0.0162231021,"9":0.0170250235,"10":0.0152630979,"11":0.0175714528,"12":0.0165324135,"13":0.0142495277,"14":0.0164216431,"15":0.0152384855,"16":0.0201139469,"17":0.0164291556,"18":0.0151396854,"19":0.0162098217}}