{"f2v2n2e20_loss":{"0":0.1435962474,"1":0.0688994818,"2":0.0332337259,"3":0.0164704125,"4":0.0093016525,"5":0.00650393,"6":0.0055590212,"7":0.0052884004,"8":0.0051741433,"9":0.0050916982,"10":0.0050269721,"11":0.0049479648,"12":0.0049555662,"13":0.0048495613,"14":0.0047813755,"15":0.0048486954,"16":0.0046234796,"17":0.0045426404,"18":0.0044964629,"19":0.0044588428},"f2v2n2e20val_loss":{"0":0.1148821977,"1":0.0433801902,"2":0.0150954262,"3":0.0053566947,"4":0.0036364782,"5":0.0040292902,"6":0.0052344139,"7":0.0055862541,"8":0.0052686709,"9":0.0053060084,"10":0.0055598411,"11":0.0050455617,"12":0.0048883513,"13":0.0047517863,"14":0.0052461808,"15":0.004419046,"16":0.0051906143,"17":0.0047750011,"18":0.0045652305,"19":0.0052317633}}