{"f5v2n2e35_loss":{"0":0.0797716312,"1":0.0705508662,"2":0.0642562273,"3":0.0580065052,"4":0.0539643953,"5":0.050394689,"6":0.0477171638,"7":0.0453153203,"8":0.043536167,"9":0.042187446,"10":0.0409020716,"11":0.039472011,"12":0.0385264449,"13":0.0376230407,"14":0.0364419435,"15":0.0353200469,"16":0.0343291421,"17":0.0333084225,"18":0.0322658216,"19":0.0310908558,"20":0.0299157599,"21":0.0292816857,"22":0.0277222369,"23":0.0266362911,"24":0.0254924969,"25":0.0242245549,"26":0.0229971274,"27":0.0218307337,"28":0.0207930661,"29":0.0195485639,"30":0.0183351871,"31":0.0170867491,"32":0.0161474936,"33":0.0151655368,"34":0.0138895001},"f5v2n2e35val_loss":{"0":0.1374140026,"1":0.1195029188,"2":0.1026321551,"3":0.0924572968,"4":0.0804428594,"5":0.0705600752,"6":0.0623414544,"7":0.0569966447,"8":0.0511539952,"9":0.0463491704,"10":0.0420321842,"11":0.0403363956,"12":0.0370249735,"13":0.0338732212,"14":0.0319267157,"15":0.0306340095,"16":0.0285300369,"17":0.0269805114,"18":0.0254681929,"19":0.0249851948,"20":0.0231704124,"21":0.0206280831,"22":0.020948784,"23":0.0186291449,"24":0.0170222739,"25":0.0172988501,"26":0.0153108624,"27":0.0140224986,"28":0.0124598824,"29":0.0127455436,"30":0.0118064992,"31":0.0103989075,"32":0.0085487321,"33":0.0076130785,"34":0.0071483903}}