{"f1v5n2e20_loss":{"0":0.1175813646,"1":0.0930014644,"2":0.0773251211,"3":0.0662604301,"4":0.0594764164,"5":0.0540797894,"6":0.0501115822,"7":0.0465871838,"8":0.0422299847,"9":0.0386851876,"10":0.0344629222,"11":0.0311281013,"12":0.0271865132,"13":0.0245659892,"14":0.0206761583,"15":0.0183004328,"16":0.0156798784,"17":0.0133950932,"18":0.0112854501,"19":0.0097159993},"f1v5n2e20val_loss":{"0":0.2128771712,"1":0.1653337973,"2":0.1298169056,"3":0.108190641,"4":0.0896486724,"5":0.0760776141,"6":0.0665637145,"7":0.0564275063,"8":0.0494318791,"9":0.0390755363,"10":0.032373905,"11":0.024901526,"12":0.0204307802,"13":0.0132557213,"14":0.010004719,"15":0.0058109656,"16":0.003562928,"17":0.0022643755,"18":0.0020855436,"19":0.0027754866}}