{"f1v5n2e35_loss":{"0":0.1318043341,"1":0.1164690004,"2":0.1045679864,"3":0.0959662329,"4":0.0869762027,"5":0.0809707409,"6":0.0756399157,"7":0.0716307766,"8":0.0674295671,"9":0.0644541685,"10":0.0610693473,"11":0.0583483571,"12":0.0555221419,"13":0.0535079896,"14":0.050000948,"15":0.0472531852,"16":0.0447169722,"17":0.0415451248,"18":0.0389528605,"19":0.0361896898,"20":0.0337116114,"21":0.0312525394,"22":0.0285828045,"23":0.0267113101,"24":0.0238855398,"25":0.0219164383,"26":0.0204158354,"27":0.0182438957,"28":0.0166170081,"29":0.01522058,"30":0.0139351911,"31":0.0126902196,"32":0.0117573658,"33":0.0108874719,"34":0.0101436747},"f1v5n2e35val_loss":{"0":0.2443323502,"1":0.2121780205,"2":0.1843770095,"3":0.1578894857,"4":0.1390146993,"5":0.1251511789,"6":0.1111125673,"7":0.0987866462,"8":0.0896697641,"9":0.080035559,"10":0.0757911291,"11":0.0681415875,"12":0.0622757822,"13":0.0548159091,"14":0.0517834629,"15":0.046742075,"16":0.0417545967,"17":0.0392871516,"18":0.0353690753,"19":0.0312628928,"20":0.0276696732,"21":0.0230798896,"22":0.0211200518,"23":0.0162138344,"24":0.0150316464,"25":0.0122142345,"26":0.0087631318,"27":0.0073394824,"28":0.0056912695,"29":0.0044625219,"30":0.0035136654,"31":0.0030036367,"32":0.0026820054,"33":0.002546885,"34":0.0027015462}}