{"f7v7n4e35_loss":{"0":0.0818296613,"1":0.0676450531,"2":0.0563424205,"3":0.0476261725,"4":0.0422573873,"5":0.0389718671,"6":0.0358221227,"7":0.033165503,"8":0.0318116191,"9":0.0277659436,"10":0.0249700188,"11":0.0224256009,"12":0.0198039762,"13":0.0171986988,"14":0.0147922164,"15":0.0122825556,"16":0.0101865338,"17":0.0086501071,"18":0.0070160795,"19":0.0060897004,"20":0.0053914362,"21":0.0047665794,"22":0.0045158402,"23":0.0043186353,"24":0.0041708724,"25":0.0040711314,"26":0.0039336254,"27":0.0038894612,"28":0.0038200956,"29":0.003896578,"30":0.0039538623,"31":0.0038223141,"32":0.0038406603,"33":0.0037912871,"34":0.0037341982},"f7v7n4e35val_loss":{"0":0.1233402662,"1":0.0903969517,"2":0.0703094815,"3":0.0553225349,"4":0.0439673392,"5":0.0339323473,"6":0.0252362473,"7":0.0213748364,"8":0.0156766393,"9":0.0155000519,"10":0.0136522223,"11":0.0116684889,"12":0.009164581,"13":0.0062615087,"14":0.0060790334,"15":0.0053443325,"16":0.0052892568,"17":0.005540735,"18":0.0060567316,"19":0.0071199477,"20":0.0081831126,"21":0.0086043828,"22":0.0093860054,"23":0.0104867398,"24":0.010550313,"25":0.0119326841,"26":0.0119339055,"27":0.0130174973,"28":0.0124249584,"29":0.0128151316,"30":0.012730327,"31":0.0138254976,"32":0.0131250928,"33":0.014914462,"34":0.0138197126}}