{"f7v5n2e20_loss":{"0":0.291554302,"1":0.1542993121,"2":0.0988252757,"3":0.0747626261,"4":0.0607207094,"5":0.0508558477,"6":0.0461996274,"7":0.0390883622,"8":0.0352610761,"9":0.0320428532,"10":0.0270346215,"11":0.024798622,"12":0.0226716039,"13":0.0210437014,"14":0.0193290874,"15":0.0179616809,"16":0.0168021938,"17":0.0155762068,"18":0.0145703532,"19":0.0142667542},"f7v5n2e20val_loss":{"0":0.1002979397,"1":0.0186870495,"2":0.0055841748,"3":0.005176356,"4":0.0053709147,"5":0.0051026244,"6":0.0047621642,"7":0.0049377098,"8":0.0055790327,"9":0.005447226,"10":0.0054200351,"11":0.0056504636,"12":0.0060772592,"13":0.0064804342,"14":0.0070734518,"15":0.0074926448,"16":0.0077206247,"17":0.0084727388,"18":0.0092966849,"19":0.0089864785}}