{"f1v1n4e20_loss":{"0":0.1005858102,"1":0.0690442484,"2":0.0510935774,"3":0.0394868151,"4":0.0339037262,"5":0.0298553327,"6":0.0274443244,"7":0.0246703164,"8":0.0227981157,"9":0.0196588163,"10":0.0173869274,"11":0.0152907881,"12":0.0135577494,"13":0.0121221294,"14":0.0102784417,"15":0.0091767221,"16":0.0087084525,"17":0.0072326886,"18":0.0063398643,"19":0.0058719044},"f1v1n4e20val_loss":{"0":0.1597134063,"1":0.1023670537,"2":0.063882848,"3":0.042238718,"4":0.0299532455,"5":0.0234083302,"6":0.0140869965,"7":0.0133297768,"8":0.0090783432,"9":0.0078685681,"10":0.0075890833,"11":0.0054730214,"12":0.0052825104,"13":0.003379581,"14":0.0031687372,"15":0.0031989081,"16":0.0020690539,"17":0.0026427593,"18":0.0024939244,"19":0.0025664877}}