{"f1v5n4e20_loss":{"0":0.0115838948,"1":0.0050037597,"2":0.0037578105,"3":0.0037060827,"4":0.0035488018,"5":0.0036607729,"6":0.0028929364,"7":0.0028011773,"8":0.003129268,"9":0.0026036107,"10":0.0027981817,"11":0.002754113,"12":0.0026638839,"13":0.0026737366,"14":0.0027599118,"15":0.0022930288,"16":0.0026214446,"17":0.0024915242,"18":0.0024720346,"19":0.0024377031},"f1v5n4e20val_loss":{"0":0.0190268809,"1":0.0223115783,"2":0.0139744762,"3":0.0125843369,"4":0.0154220804,"5":0.0120494807,"6":0.0122227961,"7":0.0123878613,"8":0.0072291947,"9":0.0129144826,"10":0.0091688527,"11":0.0093478337,"12":0.010341674,"13":0.0065858755,"14":0.0124774804,"15":0.006265403,"16":0.0085522936,"17":0.0084894919,"18":0.0066913386,"19":0.0085688889}}