{"f1v5n4e20_loss":{"0":0.2215999611,"1":0.1189751339,"2":0.0706098627,"3":0.0469260479,"4":0.0351511364,"5":0.0282761941,"6":0.02508562,"7":0.020209366,"8":0.0171018182,"9":0.0136221861,"10":0.0119274684,"11":0.0093884073,"12":0.0080962985,"13":0.0069663802,"14":0.0064725369,"15":0.005883936,"16":0.0056415266,"17":0.0055431069,"18":0.0051637844,"19":0.0048221804},"f1v5n4e20val_loss":{"0":0.3177846587,"1":0.185654979,"2":0.1232639778,"3":0.0845895696,"4":0.0554524679,"5":0.0397516851,"6":0.0249762383,"7":0.020669038,"8":0.0143690885,"9":0.013209191,"10":0.0076485344,"11":0.0077542354,"12":0.008092889,"13":0.0059509932,"14":0.0048197766,"15":0.0059816489,"16":0.0050704579,"17":0.005531069,"18":0.0046763119,"19":0.0051044428}}