{"f1v5n2e20_loss":{"0":0.0675497935,"1":0.0540665323,"2":0.0438297438,"3":0.0374831289,"4":0.031726731,"5":0.0267271464,"6":0.0222424617,"7":0.0185439616,"8":0.015484876,"9":0.0119172271,"10":0.010195523,"11":0.008976651,"12":0.0077952521,"13":0.0063867419,"14":0.0059166546,"15":0.0052825275,"16":0.0049818115,"17":0.0051265748,"18":0.004526898,"19":0.004360883},"f1v5n2e20val_loss":{"0":0.0086120313,"1":0.0142240815,"2":0.0128985087,"3":0.0107262027,"4":0.0102185683,"5":0.0081953562,"6":0.0056270055,"7":0.0041034392,"8":0.0035832045,"9":0.0039672953,"10":0.0039320522,"11":0.0039494374,"12":0.0042176691,"13":0.0051246653,"14":0.0056134364,"15":0.0056399594,"16":0.0059736541,"17":0.0073179089,"18":0.0058474945,"19":0.0062473862}}