{"f5v1n4e20_loss":{"0":0.1640568868,"1":0.1166216306,"2":0.0896802671,"3":0.0727938349,"4":0.0625477678,"5":0.0566718168,"6":0.0514138054,"7":0.0457340142,"8":0.0414260204,"9":0.0378129648,"10":0.0335470386,"11":0.030457446,"12":0.0278175202,"13":0.0254530559,"14":0.0232062657,"15":0.0215355225,"16":0.019859401,"17":0.0185800846,"18":0.0174306336,"19":0.0164549193},"f5v1n4e20val_loss":{"0":0.2869922283,"1":0.1782886413,"2":0.1136398274,"3":0.0802976893,"4":0.0607946113,"5":0.0478127766,"6":0.0383655472,"7":0.0336275293,"8":0.0292549584,"9":0.0336083368,"10":0.0273751057,"11":0.0237748877,"12":0.0233088363,"13":0.0224389371,"14":0.0197873457,"15":0.0215436458,"16":0.0194789164,"17":0.0174766864,"18":0.0184712083,"19":0.0164399557}}