{"f1v7n4e20_loss":{"0":0.1020869748,"1":0.0561155969,"2":0.0404213001,"3":0.0309334304,"4":0.0237836383,"5":0.0182218583,"6":0.0141846986,"7":0.0117488402,"8":0.0096218532,"9":0.0080987457,"10":0.007158924,"11":0.0054870084,"12":0.0054950703,"13":0.0046150462,"14":0.004767338,"15":0.0039768355,"16":0.0037129581,"17":0.0035894081,"18":0.0035591413,"19":0.003339214},"f1v7n4e20val_loss":{"0":0.0270267628,"1":0.01628217,"2":0.0059847421,"3":0.0039585483,"4":0.0043665866,"5":0.0096875658,"6":0.0139202202,"7":0.0161592482,"8":0.0212615091,"9":0.0231997529,"10":0.0204849974,"11":0.024917199,"12":0.0174449016,"13":0.0219200071,"14":0.0217918544,"15":0.0155823685,"16":0.0127454146,"17":0.014018025,"18":0.0132444116,"19":0.0102410767}}