{"f1v7n4e20_loss":{"0":0.2178361081,"1":0.1030896735,"2":0.0475830167,"3":0.0250632828,"4":0.0195529141,"5":0.013186939,"6":0.0104370766,"7":0.008058189,"8":0.005984034,"9":0.0050618618,"10":0.0042204396,"11":0.0037175737,"12":0.0032975417,"13":0.0030822265,"14":0.0029498167,"15":0.0029630294,"16":0.0029060295,"17":0.0026856247,"18":0.0026220949,"19":0.0025993041},"f1v7n4e20val_loss":{"0":0.2883265491,"1":0.129865857,"2":0.0538080778,"3":0.0254944256,"4":0.0084981121,"5":0.0057314403,"6":0.0033563704,"7":0.0025665483,"8":0.0027303382,"9":0.0044557291,"10":0.0049405112,"11":0.0057924013,"12":0.0069114139,"13":0.0074637414,"14":0.0075398423,"15":0.0073012502,"16":0.0093301163,"17":0.0085737168,"18":0.0083279239,"19":0.0081207978}}