{"f5v1n4e20_loss":{"0":0.1317363002,"1":0.0994895917,"2":0.0751281218,"3":0.0620004466,"4":0.0523491506,"5":0.0466405337,"6":0.0423069557,"7":0.0390604192,"8":0.0353592402,"9":0.032461998,"10":0.0297032698,"11":0.0270318199,"12":0.0247504774,"13":0.0229980179,"14":0.0209145077,"15":0.0190623045,"16":0.0178869241,"17":0.0163202051,"18":0.015410596,"19":0.0143187177},"f5v1n4e20val_loss":{"0":0.206878359,"1":0.1335241195,"2":0.0916825751,"3":0.0615568935,"4":0.0464168663,"5":0.0314502473,"6":0.0227270304,"7":0.0168824021,"8":0.0154544991,"9":0.0132398013,"10":0.0099125232,"11":0.0096750701,"12":0.00996261,"13":0.0077608638,"14":0.0077177412,"15":0.0066116413,"16":0.0064140281,"17":0.006506003,"18":0.0066780452,"19":0.0066052286}}