{"f5v1n2e20_loss":{"0":0.0934013974,"1":0.0741671718,"2":0.0634527712,"3":0.055490358,"4":0.0498653273,"5":0.0459209738,"6":0.0419108237,"7":0.0393031256,"8":0.035700822,"9":0.0328557778,"10":0.0298849991,"11":0.0271510138,"12":0.0243899558,"13":0.0218389869,"14":0.0194681583,"15":0.0176438136,"16":0.0157076858,"17":0.0141354723,"18":0.0125195883,"19":0.0112789458},"f5v1n2e20val_loss":{"0":0.140780745,"1":0.1014330152,"2":0.0712039911,"3":0.0543923842,"4":0.040720261,"5":0.029730112,"6":0.025587738,"7":0.0201603324,"8":0.017429931,"9":0.0153417199,"10":0.0129149494,"11":0.0114239583,"12":0.0112826029,"13":0.0082021429,"14":0.0061897689,"15":0.0050952296,"16":0.0044450633,"17":0.0059621292,"18":0.0045737904,"19":0.0038167976}}