{"f7v1n4e35_loss":{"0":0.1150893606,"1":0.1036316696,"2":0.0944216165,"3":0.0884902027,"4":0.0811448885,"5":0.0761323283,"6":0.0724059432,"7":0.0700520328,"8":0.0665607782,"9":0.0640405848,"10":0.0622623947,"11":0.0614519762,"12":0.0592207722,"13":0.0580664141,"14":0.0568540214,"15":0.0557750318,"16":0.0548498138,"17":0.0538077973,"18":0.0526390338,"19":0.0518049866,"20":0.0507566428,"21":0.049736813,"22":0.0486412527,"23":0.0476142886,"24":0.0466160597,"25":0.0454914167,"26":0.0448518303,"27":0.0433766516,"28":0.042264342,"29":0.0410279753,"30":0.0404342923,"31":0.0389759666,"32":0.0378778594,"33":0.0366030632,"34":0.035539142},"f7v1n4e35val_loss":{"0":0.2034346081,"1":0.1832973483,"2":0.1628277796,"3":0.1431745871,"4":0.1306178701,"5":0.1195481222,"6":0.1071417294,"7":0.0938240545,"8":0.086036828,"9":0.0803423981,"10":0.0745630056,"11":0.06768037,"12":0.064527735,"13":0.0600586389,"14":0.0571587019,"15":0.054858896,"16":0.0504893365,"17":0.0491943215,"18":0.0469944481,"19":0.0455398713,"20":0.0427125241,"21":0.0401539718,"22":0.0379523862,"23":0.0373785064,"24":0.0354665923,"25":0.034460767,"26":0.0332348563,"27":0.0315999405,"28":0.0305878184,"29":0.0299923961,"30":0.0270928877,"31":0.0289489142,"32":0.026807624,"33":0.0261024611,"34":0.02497543}}