{"f5v1n4e20_loss":{"0":0.0796395289,"1":0.0613226326,"2":0.0505146989,"3":0.0433185967,"4":0.0393097604,"5":0.0358165335,"6":0.0325429145,"7":0.0297319822,"8":0.0265695293,"9":0.0241176708,"10":0.0218325688,"11":0.019534251,"12":0.0175822884,"13":0.0153055603,"14":0.013615504,"15":0.0122163608,"16":0.01088449,"17":0.0099323279,"18":0.009194266,"19":0.008464807},"f5v1n4e20val_loss":{"0":0.1182273885,"1":0.0791085662,"2":0.0541668469,"3":0.0413962213,"4":0.0306057109,"5":0.0243257157,"6":0.0201882119,"7":0.0176506974,"8":0.0152267087,"9":0.0119342629,"10":0.0105634871,"11":0.0080347742,"12":0.0094409027,"13":0.0060432054,"14":0.0056236133,"15":0.0056844882,"16":0.0045660674,"17":0.0044887326,"18":0.0043797965,"19":0.004863795}}