{"f5v1n4e20_loss":{"0":0.0772747715,"1":0.0676098154,"2":0.0605738225,"3":0.0558982809,"4":0.052917235,"5":0.0477538218,"6":0.0436547362,"7":0.0400949552,"8":0.0360831122,"9":0.032471962,"10":0.0289148374,"11":0.0252211177,"12":0.0218931825,"13":0.0197490095,"14":0.0165155883,"15":0.0149859587,"16":0.0133675606,"17":0.0120855533,"18":0.0114759703,"19":0.0106302912},"f5v1n4e20val_loss":{"0":0.0895039029,"1":0.0687122486,"2":0.0594890344,"3":0.0517149443,"4":0.0376661712,"5":0.0340949417,"6":0.0293505905,"7":0.0239436683,"8":0.0194471151,"9":0.0151704471,"10":0.0142051262,"11":0.0102379704,"12":0.0092749592,"13":0.0066157394,"14":0.0073488139,"15":0.0069686496,"16":0.0075331887,"17":0.0072797782,"18":0.0075939497,"19":0.0078234279}}