{"f2v1n4e20_loss":{"0":0.0805482242,"1":0.062862486,"2":0.0494014931,"3":0.0400489321,"4":0.0337486546,"5":0.0283329516,"6":0.0237661614,"7":0.019871769,"8":0.0161285766,"9":0.0128369711,"10":0.0106333626,"11":0.0085527612,"12":0.0072445319,"13":0.0064702324,"14":0.0055659787,"15":0.0052685336,"16":0.0051046529,"17":0.0046848916,"18":0.0045637546,"19":0.0043430514},"f2v1n4e20val_loss":{"0":0.1460738664,"1":0.0985360557,"2":0.0669468839,"3":0.0425472529,"4":0.0294883052,"5":0.0221195395,"6":0.0161886316,"7":0.0109995864,"8":0.008913716,"9":0.0065997913,"10":0.0048450019,"11":0.0050466308,"12":0.0053866466,"13":0.0054805473,"14":0.0057901058,"15":0.006108511,"16":0.0060738558,"17":0.0062607087,"18":0.0063534225,"19":0.006333547}}