{"f7v7n2e20_loss":{"0":0.1434415114,"1":0.0742246941,"2":0.0449725878,"3":0.0365105449,"4":0.0317018092,"5":0.0272909155,"6":0.0238576368,"7":0.0206907875,"8":0.0177620882,"9":0.0153098096,"10":0.0134379553,"11":0.0116331995,"12":0.0102173559,"13":0.0090470776,"14":0.007884678,"15":0.0070697996,"16":0.0063408489,"17":0.0057099905,"18":0.0051954988,"19":0.0048688346},"f7v7n2e20val_loss":{"0":0.1172705228,"1":0.055388397,"2":0.0280598791,"3":0.0156907401,"4":0.010223235,"5":0.0083056391,"6":0.005850814,"7":0.0045827706,"8":0.0046259936,"9":0.0042315634,"10":0.0048192965,"11":0.0056347844,"12":0.0069041568,"13":0.007839491,"14":0.0085318226,"15":0.0098623217,"16":0.0113852035,"17":0.0115764801,"18":0.0120428427,"19":0.0128927162}}