{"f5v5n2e20_loss":{"0":0.1031172817,"1":0.0922694559,"2":0.0843901885,"3":0.0783063724,"4":0.0737076566,"5":0.0683278576,"6":0.0632232975,"7":0.0581899662,"8":0.0536253991,"9":0.0479614378,"10":0.0434234067,"11":0.0379631979,"12":0.0328202572,"13":0.0278575921,"14":0.0247067799,"15":0.0201401608,"16":0.0175582355,"17":0.0151521595,"18":0.0134819741,"19":0.0121994355},"f5v5n2e20val_loss":{"0":0.0692585925,"1":0.0601389822,"2":0.0583091526,"3":0.0566075344,"4":0.0502902343,"5":0.0497084424,"6":0.0442647564,"7":0.0333545574,"8":0.0217531156,"9":0.0186830024,"10":0.013341886,"11":0.0076881881,"12":0.0048019065,"13":0.0030473237,"14":0.0028447753,"15":0.0035884877,"16":0.0062189735,"17":0.0090214448,"18":0.0119357326,"19":0.0154379993}}