{"f5v5n4e35_loss":{"0":0.0662230651,"1":0.0508156148,"2":0.0423645139,"3":0.0361976678,"4":0.0325941243,"5":0.0293927761,"6":0.0267803139,"7":0.0244874257,"8":0.0224458628,"9":0.0198380006,"10":0.0177962573,"11":0.0156290627,"12":0.0138265668,"13":0.011795912,"14":0.0104338112,"15":0.0086315054,"16":0.007372939,"17":0.006368773,"18":0.0056852664,"19":0.0048438221,"20":0.0043477509,"21":0.0040167816,"22":0.0036867782,"23":0.0035228896,"24":0.0034322568,"25":0.0034314311,"26":0.0032966837,"27":0.0032267322,"28":0.0032515918,"29":0.0031727996,"30":0.0032560418,"31":0.0031241879,"32":0.0031298497,"33":0.0031393879,"34":0.0031899621},"f5v5n4e35val_loss":{"0":0.0934430635,"1":0.0645135297,"2":0.0443269022,"3":0.0375021654,"4":0.0246476157,"5":0.019766061,"6":0.0173234036,"7":0.0145542501,"8":0.0108541247,"9":0.0116387521,"10":0.008588319,"11":0.0083356069,"12":0.0060423757,"13":0.0058486317,"14":0.0046304765,"15":0.0043747103,"16":0.0042775212,"17":0.0041836117,"18":0.0040542725,"19":0.004166164,"20":0.0042985857,"21":0.0044032872,"22":0.0047506985,"23":0.004906901,"24":0.0049111487,"25":0.0052117012,"26":0.0051320454,"27":0.0053214864,"28":0.0054367049,"29":0.0055780141,"30":0.0057372396,"31":0.0056004836,"32":0.0055981902,"33":0.0054856417,"34":0.0057465789}}