{"f1v5n4e20_loss":{"0":0.0887140488,"1":0.0602213199,"2":0.0441753059,"3":0.03565595,"4":0.0301664466,"5":0.0260346387,"6":0.0206500428,"7":0.0168919031,"8":0.0147765023,"9":0.0111975193,"10":0.0092162585,"11":0.0079375651,"12":0.006902819,"13":0.0062285288,"14":0.0060068692,"15":0.0059700045,"16":0.0056227482,"17":0.005135382,"18":0.0051100157,"19":0.0048930167},"f1v5n4e20val_loss":{"0":0.1197181322,"1":0.0615365604,"2":0.038002523,"3":0.0269784481,"4":0.0166470173,"5":0.01016115,"6":0.0060888869,"7":0.0044762308,"8":0.0014726809,"9":0.001293635,"10":0.0019394858,"11":0.0038787113,"12":0.0037989216,"13":0.0065701631,"14":0.0065730027,"15":0.0049170754,"16":0.0082897464,"17":0.0071321474,"18":0.008197443,"19":0.007118797}}