{"f5v2n2e20_loss":{"0":0.0674789446,"1":0.0530955544,"2":0.0451959163,"3":0.039194143,"4":0.0345888157,"5":0.0287723435,"6":0.0234377112,"7":0.0194818889,"8":0.0157947547,"9":0.0117659119,"10":0.0091950717,"11":0.0075633824,"12":0.0061629979,"13":0.0054617236,"14":0.0046700589,"15":0.0043064742,"16":0.0040356431,"17":0.0036787801,"18":0.0035231162,"19":0.0035013553},"f5v2n2e20val_loss":{"0":0.0634109628,"1":0.0346380839,"2":0.0200858276,"3":0.0154677612,"4":0.0089960387,"5":0.0079317545,"6":0.0080688571,"7":0.0065565413,"8":0.005259482,"9":0.0058929076,"10":0.0061173,"11":0.0065564609,"12":0.0069738708,"13":0.007293776,"14":0.0073596218,"15":0.0076943877,"16":0.0078271403,"17":0.0076504598,"18":0.0078774404,"19":0.0076249297}}