{"f2v2n2e35_loss":{"0":0.1115285508,"1":0.1019875401,"2":0.0944066575,"3":0.0879844748,"4":0.0832006606,"5":0.0794025818,"6":0.0757897831,"7":0.072986614,"8":0.0712141519,"9":0.0692284378,"10":0.0677808115,"11":0.0665387764,"12":0.0656015338,"13":0.064749385,"14":0.0638554424,"15":0.0632598332,"16":0.0627709434,"17":0.06209544,"18":0.061519333,"19":0.0610507749,"20":0.0606059001,"21":0.0601721957,"22":0.0599590559,"23":0.059350952,"24":0.0590228612,"25":0.058553585,"26":0.0579120809,"27":0.0575337023,"28":0.0571997223,"29":0.0569149194,"30":0.0562508121,"31":0.0556383359,"32":0.0549219695,"33":0.0543151849,"34":0.0538020985},"f2v2n2e35val_loss":{"0":0.2098994005,"1":0.1904580718,"2":0.1727404758,"3":0.1593152446,"4":0.1478972162,"5":0.1357366141,"6":0.1261834913,"7":0.1177530674,"8":0.1082659907,"9":0.1026833084,"10":0.0974692619,"11":0.093548173,"12":0.0895659123,"13":0.0846335466,"14":0.0816410841,"15":0.0786236542,"16":0.074934124,"17":0.0743627501,"18":0.0715797787,"19":0.0694609135,"20":0.068029918,"21":0.0652947582,"22":0.0658017455,"23":0.0641788031,"24":0.0604355674,"25":0.060267364,"26":0.0587575336,"27":0.0577457208,"28":0.0581552828,"29":0.0540846346,"30":0.0563286325,"31":0.0532783624,"32":0.0518867325,"33":0.051319952,"34":0.0503583222}}