{"f5v7n4e20_loss":{"0":0.1018765196,"1":0.0341453823,"2":0.01747977,"3":0.0121932315,"4":0.0101853822,"5":0.0087723781,"6":0.0081757433,"7":0.0078578255,"8":0.0075624918,"9":0.0073556186,"10":0.0070297423,"11":0.0067982221,"12":0.0065938334,"13":0.0065128483,"14":0.0063484358,"15":0.0066723955,"16":0.0073084592,"17":0.0059606748,"18":0.0056321304,"19":0.0051257936},"f5v7n4e20val_loss":{"0":0.0719202091,"1":0.0142374921,"2":0.0039905445,"3":0.0070349734,"4":0.0081906704,"5":0.0103637799,"6":0.010605244,"7":0.0119601045,"8":0.0122030861,"9":0.0124507958,"10":0.0143209081,"11":0.0122385763,"12":0.0157231142,"13":0.0100098738,"14":0.0113195736,"15":0.0123071209,"16":0.0125146437,"17":0.0118233786,"18":0.0125321374,"19":0.0168985965}}