{"f7v5n4e20_loss":{"0":0.235352369,"1":0.0824095224,"2":0.0289460727,"3":0.0165334561,"4":0.0145373426,"5":0.0136802937,"6":0.013228736,"7":0.0126064287,"8":0.0119482283,"9":0.0115099667,"10":0.0109925302,"11":0.0107538587,"12":0.0105697953,"13":0.0097793712,"14":0.0098110653,"15":0.0091196175,"16":0.0090572715,"17":0.0089561237,"18":0.0083671146,"19":0.0079820551},"f7v5n4e20val_loss":{"0":0.1406441795,"1":0.0375893927,"2":0.0078506468,"3":0.0040436712,"4":0.0043467889,"5":0.0046052903,"6":0.0053207268,"7":0.0059740636,"8":0.0071325831,"9":0.0074050843,"10":0.0066087896,"11":0.0080501759,"12":0.0067047271,"13":0.0093651956,"14":0.0070158881,"15":0.0089083192,"16":0.0094072941,"17":0.0081755869,"18":0.0085288271,"19":0.0090524878}}