{"f1v1n2e35_loss":{"0":0.0892851333,"1":0.0815744862,"2":0.0749241489,"3":0.0697135074,"4":0.0649864026,"5":0.061537881,"6":0.0581259993,"7":0.0561660173,"8":0.0537796564,"9":0.0521711435,"10":0.050715532,"11":0.0494686043,"12":0.0484464267,"13":0.0475737397,"14":0.0465681677,"15":0.0459876377,"16":0.0451636243,"17":0.0446294149,"18":0.0436491028,"19":0.0430428547,"20":0.0422685593,"21":0.041458415,"22":0.0408910942,"23":0.0410453532,"24":0.0396990136,"25":0.0384940652,"26":0.037683601,"27":0.0371460198,"28":0.0362358555,"29":0.0354147254,"30":0.0343570019,"31":0.0335593039,"32":0.03257721,"33":0.0319031973,"34":0.0306623534},"f1v1n2e35val_loss":{"0":0.1734063457,"1":0.1556340636,"2":0.1406349493,"3":0.1273048136,"4":0.117491479,"5":0.1041060055,"6":0.0957704286,"7":0.0857033079,"8":0.0802376237,"9":0.0743121607,"10":0.0688727808,"11":0.0649225351,"12":0.0615472326,"13":0.0589025131,"14":0.0548934222,"15":0.0516039119,"16":0.0486894063,"17":0.0463418538,"18":0.0457683819,"19":0.0454830596,"20":0.0430870732,"21":0.0410381349,"22":0.0411733937,"23":0.0363928716,"24":0.0388135252,"25":0.0356968235,"26":0.0354880064,"27":0.0324283995,"28":0.0310928516,"29":0.0321829283,"30":0.0315885935,"31":0.0291178101,"32":0.0299955752,"33":0.0271659694,"34":0.0262565805}}