{"f1v7n2e35_loss":{"0":0.2250796766,"1":0.191348245,"2":0.1665871737,"3":0.1542050063,"4":0.1369386231,"5":0.1282620175,"6":0.1190071703,"7":0.1134748158,"8":0.1081970132,"9":0.1037117867,"10":0.1004858021,"11":0.0969868391,"12":0.0942371653,"13":0.0921335991,"14":0.0904045159,"15":0.0886951265,"16":0.0867358761,"17":0.0846081205,"18":0.0833884713,"19":0.0825277966,"20":0.0804320406,"21":0.0795837402,"22":0.0783535486,"23":0.0773890769,"24":0.0766785013,"25":0.0747348506,"26":0.0738884884,"27":0.0726958834,"28":0.0720531513,"29":0.0711608692,"30":0.0702170393,"31":0.069463412,"32":0.0686640536,"33":0.0678772321,"34":0.0670730846},"f1v7n2e35val_loss":{"0":0.3997997799,"1":0.340037673,"2":0.295938937,"3":0.2476496667,"4":0.2212169163,"5":0.1928677871,"6":0.1774940033,"7":0.1600295592,"8":0.1427477394,"9":0.1323567498,"10":0.1208245684,"11":0.1159354657,"12":0.1092884425,"13":0.104123462,"14":0.0952043508,"15":0.0896949131,"16":0.0905747676,"17":0.0869860909,"18":0.0835623188,"19":0.0779797091,"20":0.0771179315,"21":0.0764763851,"22":0.071983864,"23":0.0707319482,"24":0.0684245863,"25":0.069437084,"26":0.0695252865,"27":0.0676241564,"28":0.0655270065,"29":0.064473496,"30":0.0644417607,"31":0.0625313797,"32":0.0611982256,"33":0.0616525381,"34":0.059070657}}