{"f2v5n4e20_loss":{"0":0.016330402,"1":0.0129615347,"2":0.0112404583,"3":0.0100054844,"4":0.0089298267,"5":0.0082482949,"6":0.0088477922,"7":0.0077425534,"8":0.006171123,"9":0.005724786,"10":0.0063430883,"11":0.0052231997,"12":0.0045800381,"13":0.0040882671,"14":0.0038638535,"15":0.0037646079,"16":0.0036509387,"17":0.0032799544,"18":0.0031737062,"19":0.0027443243},"f2v5n4e20val_loss":{"0":0.0073649416,"1":0.0131693635,"2":0.0113736261,"3":0.0128209593,"4":0.0134244042,"5":0.0137936667,"6":0.0104851414,"7":0.0095163487,"8":0.0117913408,"9":0.011211141,"10":0.0139482491,"11":0.0117516221,"12":0.0095018165,"13":0.008982922,"14":0.0094946565,"15":0.0097553715,"16":0.0062405977,"17":0.0077381705,"18":0.0073464303,"19":0.004679904}}