{"f7v1n4e20_loss":{"0":0.149236553,"1":0.0927126278,"2":0.0607789099,"3":0.0455355185,"4":0.0348411697,"5":0.0295654022,"6":0.0266095412,"7":0.0253542829,"8":0.0209559585,"9":0.0188177367,"10":0.0171038423,"11":0.0148118137,"12":0.0134652853,"13":0.0123417741,"14":0.0112289032,"15":0.0104594372,"16":0.0099804694,"17":0.0097074412,"18":0.0092351205,"19":0.0089932763},"f7v1n4e20val_loss":{"0":0.2344982734,"1":0.1473014621,"2":0.0938941164,"3":0.0570546331,"4":0.0403242297,"5":0.026727263,"6":0.0197802006,"7":0.0123325569,"8":0.0127830704,"9":0.0099686115,"10":0.0095294784,"11":0.0082150071,"12":0.0076021602,"13":0.0083089739,"14":0.0079878751,"15":0.0077321093,"16":0.0080459873,"17":0.0087177768,"18":0.008832943,"19":0.0089407003}}