{"f7v1n4e20_loss":{"0":0.0532604058,"1":0.0456331366,"2":0.0418827204,"3":0.0377343901,"4":0.0336812509,"5":0.0323166144,"6":0.0285029401,"7":0.0258856033,"8":0.0236792101,"9":0.0213749524,"10":0.0199435995,"11":0.0180394371,"12":0.0165596739,"13":0.0153063313,"14":0.0143829473,"15":0.0132995226,"16":0.0129280165,"17":0.0122328207,"18":0.0119682775,"19":0.0114782969},"f7v1n4e20val_loss":{"0":0.052340865,"1":0.0375227855,"2":0.0261511996,"3":0.0222180115,"4":0.0174241075,"5":0.0110477454,"6":0.0104774989,"7":0.0092163756,"8":0.0086499778,"9":0.0074683712,"10":0.0074732079,"11":0.0084393906,"12":0.0074300366,"13":0.0078604647,"14":0.0081247479,"15":0.0085283316,"16":0.0091621249,"17":0.0092568119,"18":0.0092233111,"19":0.0098407775}}