{"f2v5n4e20_loss":{"0":0.1552197167,"1":0.084651731,"2":0.0599131892,"3":0.0509859901,"4":0.0405681544,"5":0.0332581463,"6":0.0272836302,"7":0.0225117041,"8":0.0180630784,"9":0.0149499588,"10":0.0132347511,"11":0.0116328408,"12":0.011898145,"13":0.0104263036,"14":0.0101139803,"15":0.0095143646,"16":0.0091311618,"17":0.0093941613,"18":0.0084706766,"19":0.0084752025},"f2v5n4e20val_loss":{"0":0.1323080261,"1":0.0405575826,"2":0.0167075107,"3":0.0071589494,"4":0.0066396765,"5":0.0063313308,"6":0.0053385006,"7":0.0057384469,"8":0.006695647,"9":0.0073629992,"10":0.0087951248,"11":0.0088924856,"12":0.0091657768,"13":0.0091378869,"14":0.0095026225,"15":0.0087669714,"16":0.0088464122,"17":0.0079758756,"18":0.0077867559,"19":0.0080444787}}