{"f1v7n4e20_loss":{"0":0.1127115519,"1":0.0875417868,"2":0.0735618946,"3":0.0630611894,"4":0.0582918734,"5":0.0504402002,"6":0.0473007264,"7":0.0420076239,"8":0.0383177107,"9":0.0355394948,"10":0.0317312437,"11":0.0286558935,"12":0.0259384539,"13":0.0220981766,"14":0.0188287994,"15":0.0153148015,"16":0.0125321576,"17":0.0101653111,"18":0.0082306168,"19":0.006137644},"f1v7n4e20val_loss":{"0":0.0971418328,"1":0.0831955111,"2":0.0540654096,"3":0.0466114333,"4":0.0447896116,"5":0.0330809509,"6":0.0306102274,"7":0.0331525217,"8":0.0316025873,"9":0.0214511827,"10":0.0232913201,"11":0.0198756491,"12":0.0207853783,"13":0.0144204206,"14":0.0121836782,"15":0.0112349371,"16":0.0103218839,"17":0.0094033529,"18":0.0072515489,"19":0.0074101075}}