{"f2v1n2e20_loss":{"0":0.1668499886,"1":0.1251814128,"2":0.0978669347,"3":0.0797141456,"4":0.0653131609,"5":0.055356819,"6":0.047184695,"7":0.0431529431,"8":0.0367916887,"9":0.0336018156,"10":0.0311814367,"11":0.0287109138,"12":0.0274191016,"13":0.0251806636,"14":0.0235741945,"15":0.0222011812,"16":0.0206054327,"17":0.0194099841,"18":0.0179872443,"19":0.0169336738},"f2v1n2e20val_loss":{"0":0.2720549012,"1":0.2080581149,"2":0.1567255145,"3":0.1188913509,"4":0.089075841,"5":0.0667026568,"6":0.0513733733,"7":0.0345287145,"8":0.0276569909,"9":0.0199321467,"10":0.0135498147,"11":0.0106104921,"12":0.0072933319,"13":0.0050996399,"14":0.00392561,"15":0.0039180182,"16":0.0026205155,"17":0.002014842,"18":0.0021520994,"19":0.0022992815}}