{"f2v1n2e20_loss":{"0":0.1869521617,"1":0.1492302844,"2":0.1202060891,"3":0.0995876397,"4":0.0835007791,"5":0.0727152786,"6":0.0638878759,"7":0.0570693164,"8":0.0522066917,"9":0.0470925279,"10":0.0433962424,"11":0.0396610055,"12":0.0368491815,"13":0.034075899,"14":0.0314264383,"15":0.0297575917,"16":0.0271355268,"17":0.0244119899,"18":0.0223471914,"19":0.0200957375},"f2v1n2e20val_loss":{"0":0.3636590329,"1":0.2855430285,"2":0.2297134948,"3":0.1881490707,"4":0.1589988058,"5":0.1342117445,"6":0.1121033179,"7":0.09773275,"8":0.0784307416,"9":0.0658160366,"10":0.0556711793,"11":0.0486314524,"12":0.0390702166,"13":0.0330482264,"14":0.0273046949,"15":0.0207239888,"16":0.017554594,"17":0.0170133772,"18":0.0144706228,"19":0.0136553216}}