{"f5v7n4e20_loss":{"0":0.5100300964,"1":0.1404155407,"2":0.0987912408,"3":0.0732105523,"4":0.0601778584,"5":0.0420608566,"6":0.0322652818,"7":0.024854456,"8":0.0200816878,"9":0.0141900509,"10":0.0116329126,"11":0.0100662961,"12":0.0067614329,"13":0.0058755184,"14":0.0051168728,"15":0.0046617456,"16":0.0041138124,"17":0.003727919,"18":0.0035673065,"19":0.0030970669},"f5v7n4e20val_loss":{"0":0.4696474239,"1":0.1294889678,"2":0.0294093565,"3":0.0336544837,"4":0.0223576991,"5":0.0235529326,"6":0.0214588799,"7":0.0124926662,"8":0.0107111446,"9":0.0118551277,"10":0.0101387253,"11":0.0070465032,"12":0.0087078426,"13":0.0080518779,"14":0.0073093061,"15":0.0070296495,"16":0.0072319648,"17":0.0062920352,"18":0.0079862252,"19":0.006810695}}