{"f5v1n2e35_loss":{"0":0.1297266464,"1":0.1191739093,"2":0.1103795825,"3":0.1025776657,"4":0.0966057017,"5":0.0925342316,"6":0.0880640879,"7":0.0851147916,"8":0.0822735103,"9":0.0804691333,"10":0.0783014132,"11":0.0767617704,"12":0.0756802901,"13":0.0743672133,"14":0.0735694748,"15":0.0726705491,"16":0.0720523867,"17":0.0712775143,"18":0.0708689711,"19":0.0702216656,"20":0.0698651421,"21":0.0692662366,"22":0.0688513404,"23":0.0684601991,"24":0.0680909028,"25":0.067699877,"26":0.0674069449,"27":0.0670093947,"28":0.0670293954,"29":0.0665767539,"30":0.066279557,"31":0.0660657417,"32":0.0656830422,"33":0.0653766425,"34":0.0652261769},"f5v1n2e35val_loss":{"0":0.2456156235,"1":0.2165043244,"2":0.1955213794,"3":0.1805771476,"4":0.1681301892,"5":0.1534417017,"6":0.1435499199,"7":0.1333361476,"8":0.1272012376,"9":0.1170551369,"10":0.1125039996,"11":0.1076121038,"12":0.1014385176,"13":0.0977529964,"14":0.0930998035,"15":0.0900425882,"16":0.0868439431,"17":0.0854215389,"18":0.0820933759,"19":0.0800931215,"20":0.0780452105,"21":0.076898603,"22":0.075559447,"23":0.0749406256,"24":0.0738720681,"25":0.072470952,"26":0.0719147069,"27":0.0708120372,"28":0.0684885644,"29":0.0693475655,"30":0.0689562831,"31":0.0668792723,"32":0.0670273536,"33":0.0663661959,"34":0.0652175773}}