{"f1v7n2e20_loss":{"0":0.1864654884,"1":0.0784355051,"2":0.0353177466,"3":0.022528452,"4":0.015729728,"5":0.0141900995,"6":0.0125467181,"7":0.0117786683,"8":0.010952272,"9":0.0103390752,"10":0.0099339702,"11":0.0094651653,"12":0.0090502795,"13":0.0086050627,"14":0.0085936598,"15":0.0080694038,"16":0.0078110836,"17":0.0075378828,"18":0.0074799331,"19":0.007152714},"f1v7n2e20val_loss":{"0":0.122218719,"1":0.0377645909,"2":0.0100263197,"3":0.0033267672,"4":0.0047057986,"5":0.0069707498,"6":0.0075270942,"7":0.009129177,"8":0.0094438154,"9":0.0097108216,"10":0.0104217966,"11":0.0098423244,"12":0.0094014818,"13":0.0106950652,"14":0.0106020851,"15":0.0091948314,"16":0.0095056137,"17":0.0103359019,"18":0.0105381155,"19":0.0101806178}}