{"f5v2n2e20_loss":{"0":0.7823280894,"1":0.5649694883,"2":0.3844635831,"3":0.2493735477,"4":0.171175839,"5":0.1144667699,"6":0.0718580162,"7":0.0498775324,"8":0.0358912766,"9":0.0275081169,"10":0.0231374666,"11":0.0189475096,"12":0.0172620753,"13":0.0157157578,"14":0.0147219367,"15":0.0139379165,"16":0.0132664313,"17":0.0127801853,"18":0.0122494891,"19":0.0118363886},"f5v2n2e20val_loss":{"0":1.1461410656,"1":0.8383371494,"2":0.6075128976,"3":0.4490336763,"4":0.3063289737,"5":0.2122528461,"6":0.1570060237,"7":0.117078366,"8":0.0908329599,"9":0.0706798434,"10":0.0529955681,"11":0.0455516408,"12":0.0378331819,"13":0.0342355278,"14":0.0300966489,"15":0.027867444,"16":0.0265958252,"17":0.025345403,"18":0.0242521872,"19":0.0229728423}}