{"columns":["Prediccion","holtwinters"],"index":[1535760000000,1535846400000,1535932800000],"data":[[0.2917049527,0.2762268121],[0.2851440609,0.2766594224],[0.3299888372,0.2610768248]]}