{"f2v5n2e35_loss":{"0":0.0195256832,"1":0.0155221497,"2":0.0138006033,"3":0.012090622,"4":0.0106683234,"5":0.0092726306,"6":0.0077675118,"7":0.0067139222,"8":0.0057049874,"9":0.0047887962,"10":0.0041524191,"11":0.0035749148,"12":0.0031261734,"13":0.0027853345,"14":0.0025737847,"15":0.0023700309,"16":0.0023230863,"17":0.002324883,"18":0.0021856201,"19":0.002098942,"20":0.0020741909,"21":0.0020310707,"22":0.0020098079,"23":0.0020801703,"24":0.0020502355,"25":0.0020025236,"26":0.001915104,"27":0.0018990708,"28":0.0019649116,"29":0.0019188161,"30":0.0019085505,"31":0.0018890179,"32":0.0018957962,"33":0.0018609418,"34":0.0018222981},"f2v5n2e35val_loss":{"0":0.0162930413,"1":0.009645304,"2":0.0059519049,"3":0.0046398592,"4":0.0038716136,"5":0.0033453242,"6":0.0025786304,"7":0.0021964161,"8":0.0020547164,"9":0.0020335852,"10":0.00236104,"11":0.0026380094,"12":0.0028979236,"13":0.0032213494,"14":0.0033577392,"15":0.0040498767,"16":0.0040768327,"17":0.0049663208,"18":0.004453569,"19":0.0046874443,"20":0.0053666161,"21":0.0048364671,"22":0.0053894498,"23":0.0041990727,"24":0.0053027448,"25":0.0045699303,"26":0.0051647713,"27":0.0048821391,"28":0.00423162,"29":0.0050521791,"30":0.0050268812,"31":0.0042900618,"32":0.0049424111,"33":0.0049194278,"34":0.004524849}}