{"f7v5n2e35_loss":{"0":0.1840108119,"1":0.1586077196,"2":0.1391571905,"3":0.1259098422,"4":0.1163734945,"5":0.1068243082,"6":0.1014961565,"7":0.0973690825,"8":0.0920746091,"9":0.0890065114,"10":0.086096077,"11":0.0836599511,"12":0.081148558,"13":0.0791358465,"14":0.077789573,"15":0.0760581057,"16":0.0740578567,"17":0.0727077632,"18":0.0711684489,"19":0.0692789993,"20":0.0676696943,"21":0.0663567806,"22":0.0647784498,"23":0.0631128022,"24":0.0611574212,"25":0.0596758068,"26":0.0578933182,"27":0.056580029,"28":0.0547443665,"29":0.0533944532,"30":0.051547499,"31":0.0498429981,"32":0.0484054746,"33":0.0470377277,"34":0.0451352785},"f7v5n2e35val_loss":{"0":0.3160122771,"1":0.264465716,"2":0.2315509208,"3":0.1987136773,"4":0.171120671,"5":0.1543024317,"6":0.1384784022,"7":0.1218946898,"8":0.1132557335,"9":0.1046425297,"10":0.0962386828,"11":0.0886748922,"12":0.0834320951,"13":0.078599938,"14":0.0737816502,"15":0.0699869067,"16":0.0665231454,"17":0.0619707428,"18":0.0592401394,"19":0.0579994771,"20":0.0552133543,"21":0.052277379,"22":0.0492827937,"23":0.0496655337,"24":0.0464659635,"25":0.0430695256,"26":0.0406134002,"27":0.0377987754,"28":0.0370771701,"29":0.0348791419,"30":0.0335864161,"31":0.032132535,"32":0.0299944314,"33":0.0280611809,"34":0.0278403728}}