{"f7v2n4e20_loss":{"0":0.2492991343,"1":0.1304918549,"2":0.0708449782,"3":0.0454404451,"4":0.0337118203,"5":0.0272461408,"6":0.0205914017,"7":0.0162205033,"8":0.0122402913,"9":0.0099595046,"10":0.0082565047,"11":0.0071729417,"12":0.006353661,"13":0.0061252684,"14":0.0056855923,"15":0.0052959128,"16":0.0051508548,"17":0.0050043687,"18":0.0047224178,"19":0.0045346053},"f7v2n4e20val_loss":{"0":0.3519336586,"1":0.1726925488,"2":0.0888702643,"3":0.0413153655,"4":0.0256494509,"5":0.013502441,"6":0.01205964,"7":0.0106113268,"8":0.0078059234,"9":0.00784489,"10":0.0084644386,"11":0.0078172049,"12":0.0082223135,"13":0.0083120452,"14":0.0080626165,"15":0.0085091879,"16":0.0082088055,"17":0.0084050975,"18":0.0080174802,"19":0.0082048746}}