{"f1v7n2e20_loss":{"0":0.2064182538,"1":0.1254396138,"2":0.0747606317,"3":0.0512037761,"4":0.0426501519,"5":0.0363782819,"6":0.0324534986,"7":0.0281814825,"8":0.0247220224,"9":0.0225852522,"10":0.0191615778,"11":0.0170494413,"12":0.0149165049,"13":0.0132798427,"14":0.0118784608,"15":0.0106642602,"16":0.0098559063,"17":0.0086247785,"18":0.0080995293,"19":0.0077637683},"f1v7n2e20val_loss":{"0":0.2363829634,"1":0.1580523295,"2":0.101504932,"3":0.0698948346,"4":0.0494656033,"5":0.0367563655,"6":0.0284657114,"7":0.0222537809,"8":0.0175147685,"9":0.0111942076,"10":0.0090687283,"11":0.0057070529,"12":0.0040017035,"13":0.0028314058,"14":0.0022128865,"15":0.0019484131,"16":0.0020006258,"17":0.0024278635,"18":0.0025425539,"19":0.0038978368}}