{"f1v7n2e20_loss":{"0":0.1123523273,"1":0.0676919986,"2":0.0455075969,"3":0.0318729852,"4":0.0274904386,"5":0.0228991392,"6":0.0204943128,"7":0.0181615797,"8":0.0160681527,"9":0.0142521925,"10":0.0120009655,"11":0.0105620287,"12":0.0091675656,"13":0.0083573642,"14":0.0073368,"15":0.0067984849,"16":0.0062810173,"17":0.0061141242,"18":0.0056582332,"19":0.0053461758},"f1v7n2e20val_loss":{"0":0.172600572,"1":0.0935939644,"2":0.0411371214,"3":0.0241599482,"4":0.0125593271,"5":0.0091437725,"6":0.0071641024,"7":0.004734549,"8":0.0035440998,"9":0.0020294817,"10":0.0019183861,"11":0.0019367007,"12":0.0023950621,"13":0.0033460054,"14":0.0036262834,"15":0.0045775594,"16":0.0049300845,"17":0.0070719749,"18":0.0053634486,"19":0.0066456562}}