{"f5v2n2e20_loss":{"0":0.0427058797,"1":0.0382637884,"2":0.0353069566,"3":0.032967259,"4":0.0300944082,"5":0.0276090701,"6":0.0251077081,"7":0.0228202042,"8":0.021023215,"9":0.0190461775,"10":0.017181839,"11":0.0158032149,"12":0.0144496463,"13":0.0130216223,"14":0.011941495,"15":0.01120839,"16":0.0099887531,"17":0.0092847148,"18":0.0086720204,"19":0.0080055677},"f5v2n2e20val_loss":{"0":0.0401762156,"1":0.0302961914,"2":0.0270612536,"3":0.0188375656,"4":0.0175107142,"5":0.0145950474,"6":0.0143376276,"7":0.0125941859,"8":0.0098838646,"9":0.0103053719,"10":0.0092306864,"11":0.0077495344,"12":0.0074504687,"13":0.0065982623,"14":0.0056011434,"15":0.0056380375,"16":0.005413294,"17":0.0049430296,"18":0.0049097046,"19":0.0055136125}}