{"f1v1n2e20":{"0":519.6665039062,"1":500.7916564941,"2":516.08203125,"3":514.2067260742,"4":500.1380615234,"5":499.1298217773,"6":507.4671630859,"7":524.0155639648,"8":520.9140625,"9":527.2255859375,"10":515.6801757812,"11":504.7401123047,"12":501.7056274414,"13":510.3288269043,"14":493.0884399414,"15":480.984161377,"16":480.4391479492,"17":493.4351501465,"18":497.0978088379,"19":488.4126281738,"20":481.5457458496,"21":476.3631896973,"22":483.9742736816,"23":478.5168457031,"24":487.8359985352,"25":479.1480102539,"26":450.8481445312,"27":433.1200256348,"28":435.8093261719},"Y":{"0":647.03,"1":683.68,"2":688.88,"3":669.92,"4":673.61,"5":687.15,"6":779.54,"7":785.62,"8":816.12,"9":792.31,"10":753.73,"11":752.86,"12":752.27,"13":727.28,"14":679.59,"15":686.05,"16":733.5,"17":730.55,"18":708.87,"19":707.05,"20":672.66,"21":694.37,"22":696.53,"23":715.37,"24":699.22,"25":647.74,"26":583.59,"27":601.75,"28":586.73}}