{"f1v1n2e20_loss":{"0":0.0931633278,"1":0.0695883537,"2":0.0547731914,"3":0.04419549,"4":0.0368933835,"5":0.0318744047,"6":0.0274730045,"7":0.024230803,"8":0.021172551,"9":0.0181427016,"10":0.0161082049,"11":0.0136466101,"12":0.0118418798,"13":0.0105397166,"14":0.0092500705,"15":0.0083339354,"16":0.0076654452,"17":0.0070780616,"18":0.0067351416,"19":0.0064726262},"f1v1n2e20val_loss":{"0":0.1450755843,"1":0.096988576,"2":0.0689314245,"3":0.0476603045,"4":0.0332139858,"5":0.0224128973,"6":0.0177601402,"7":0.0090337964,"8":0.0062004368,"9":0.0040090719,"10":0.00339743,"11":0.0035755565,"12":0.0027265781,"13":0.0032867998,"14":0.0036372747,"15":0.004078099,"16":0.0049216179,"17":0.0052641324,"18":0.0053892724,"19":0.0058553447}}