{"f1v1n2e20_loss":{"0":0.0623944729,"1":0.0520745937,"2":0.0433863943,"3":0.0364521827,"4":0.031544646,"5":0.0275516101,"6":0.0246785404,"7":0.0226886246,"8":0.0214545562,"9":0.0197798451,"10":0.0186015084,"11":0.0174447106,"12":0.0164105403,"13":0.0150466905,"14":0.0138056686,"15":0.0125923532,"16":0.0114391243,"17":0.0105278821,"18":0.0097085017,"19":0.0089154454},"f1v1n2e20val_loss":{"0":0.2333151604,"1":0.2035236221,"2":0.1758611888,"3":0.1545356645,"4":0.1286652543,"5":0.1109880738,"6":0.1002492736,"7":0.092214627,"8":0.0799720048,"9":0.0727930302,"10":0.0668354626,"11":0.0621410783,"12":0.0542206971,"13":0.0558933322,"14":0.0499899912,"15":0.045949111,"16":0.0426228929,"17":0.0389484513,"18":0.0357003244,"19":0.0314785438}}