{"f2v5n2e20_loss":{"0":0.1055167709,"1":0.0639702372,"2":0.0524016231,"3":0.0457995808,"4":0.0412266534,"5":0.0337423261,"6":0.0299090845,"7":0.0244768845,"8":0.020977568,"9":0.0194291883,"10":0.0171477217,"11":0.015371483,"12":0.0137565093,"13":0.013069594,"14":0.0118833053,"15":0.0109171006,"16":0.0109102762,"17":0.0104209907,"18":0.0089659353,"19":0.0093130599},"f2v5n2e20val_loss":{"0":0.0887091943,"1":0.0450687408,"2":0.0155454475,"3":0.008347096,"4":0.0069571883,"5":0.0072752663,"6":0.006097929,"7":0.0065473562,"8":0.0080672995,"9":0.0109313042,"10":0.011580404,"11":0.0135808407,"12":0.0162522885,"13":0.0149331281,"14":0.0155009244,"15":0.0166736743,"16":0.0170202618,"17":0.0181715656,"18":0.0187324888,"19":0.0158486049}}