{"f1v2n4e20_loss":{"0":0.1140163914,"1":0.0739055985,"2":0.0578367259,"3":0.0486217045,"4":0.0428655385,"5":0.0377238,"6":0.0318435325,"7":0.0277513526,"8":0.0220142888,"9":0.0169331626,"10":0.0134658071,"11":0.0095612982,"12":0.0074959967,"13":0.0056091318,"14":0.0046680226,"15":0.0039000176,"16":0.0034953398,"17":0.0033156453,"18":0.0031182392,"19":0.002980145},"f1v2n4e20val_loss":{"0":0.1686395228,"1":0.1138469268,"2":0.0647295352,"3":0.0431928456,"4":0.0349703431,"5":0.0240093044,"6":0.0156086356,"7":0.0082913488,"8":0.0061561535,"9":0.0050606541,"10":0.0013466209,"11":0.0012961597,"12":0.001286068,"13":0.0020120496,"14":0.0038779681,"15":0.0049741157,"16":0.0057309285,"17":0.0066052559,"18":0.0074197773,"19":0.0075541476}}