{"f1v2n4e20_loss":{"0":0.0404287241,"1":0.0254788893,"2":0.0193809207,"3":0.0163853472,"4":0.0138273439,"5":0.0113009985,"6":0.0099292509,"7":0.0094601626,"8":0.0078482056,"9":0.0073626563,"10":0.0072294696,"11":0.0064764753,"12":0.006222466,"13":0.0057914715,"14":0.0054543869,"15":0.0055741631,"16":0.0050149875,"17":0.004765715,"18":0.0044847247,"19":0.0045898986},"f1v2n4e20val_loss":{"0":0.0374530189,"1":0.016514354,"2":0.0098999661,"3":0.0086303627,"4":0.0088150226,"5":0.0082410596,"6":0.0076668772,"7":0.0076450739,"8":0.0072518105,"9":0.0074940293,"10":0.0083315333,"11":0.007587999,"12":0.0068435435,"13":0.0081420658,"14":0.0068499969,"15":0.006528202,"16":0.0065797571,"17":0.0070044909,"18":0.0066635667,"19":0.006339666}}