{"f1v2n4e20_loss":{"0":0.097584893,"1":0.0480090819,"2":0.0366327375,"3":0.0320322232,"4":0.0283692595,"5":0.0251867108,"6":0.0216470712,"7":0.019359388,"8":0.0170077549,"9":0.0149400769,"10":0.0130782621,"11":0.0115574114,"12":0.0103862318,"13":0.0091753879,"14":0.0082718329,"15":0.0075807328,"16":0.0070838665,"17":0.006471933,"18":0.0059053991,"19":0.0055278107},"f1v2n4e20val_loss":{"0":0.0944042313,"1":0.0365462686,"2":0.0161807996,"3":0.0141368011,"4":0.0061415558,"5":0.0049120121,"6":0.0062247728,"7":0.0042371651,"8":0.003638651,"9":0.0025408796,"10":0.0028154075,"11":0.0027961781,"12":0.0028749341,"13":0.003075481,"14":0.0032370564,"15":0.0035908209,"16":0.0036314482,"17":0.0043848903,"18":0.0046693402,"19":0.0041851996}}