{"columns":["Prediccion","holtwinters"],"index":[1535760000000,1535846400000,1535932800000],"data":[[701.4393310547,473.8317999533],[482.5626831055,477.2101265454],[713.581237793,450.5578109442]]}