{"f1v7n4e20_loss":{"0":0.3684663089,"1":0.1547103479,"2":0.071881426,"3":0.0531961095,"4":0.0444553231,"5":0.0385147379,"6":0.0324465722,"7":0.0283380657,"8":0.0238713894,"9":0.0198338464,"10":0.0165323006,"11":0.0143697386,"12":0.0129266197,"13":0.0109861453,"14":0.0103546614,"15":0.0089702756,"16":0.0085172032,"17":0.0080339424,"18":0.0076849866,"19":0.007521889},"f1v7n4e20val_loss":{"0":0.4796067895,"1":0.1929668289,"2":0.0935123967,"3":0.055614414,"4":0.0390881916,"5":0.0274668569,"6":0.0256953052,"7":0.0169481055,"8":0.0181971196,"9":0.0090806272,"10":0.007896662,"11":0.0074448372,"12":0.007039305,"13":0.0073360602,"14":0.0074960449,"15":0.008196181,"16":0.0082470541,"17":0.0086047406,"18":0.0089525228,"19":0.0090827137}}