{"f5v5n4e20_loss":{"0":0.1080061285,"1":0.0885386283,"2":0.0745248005,"3":0.0642179782,"4":0.0572385441,"5":0.0515240486,"6":0.0463398342,"7":0.0426357123,"8":0.038188677,"9":0.035003443,"10":0.0325639728,"11":0.0300995391,"12":0.0274935288,"13":0.0253367094,"14":0.0236302416,"15":0.0216028052,"16":0.020255558,"17":0.0189117987,"18":0.0174799991,"19":0.0162254236},"f5v5n4e20val_loss":{"0":0.112599151,"1":0.0710234895,"2":0.0534268654,"3":0.0443830582,"4":0.0322941299,"5":0.0259480589,"6":0.0241459944,"7":0.0213301442,"8":0.0221104159,"9":0.0189529615,"10":0.0173100189,"11":0.0125901608,"12":0.0127837713,"13":0.0117385035,"14":0.010932114,"15":0.008212133,"16":0.0071475863,"17":0.0071136159,"18":0.0054589191,"19":0.0049116211}}