{"f7v2n4e20_loss":{"0":0.0546319557,"1":0.0506511762,"2":0.0468411981,"3":0.0424135422,"4":0.0383680301,"5":0.034463114,"6":0.0290165422,"7":0.0256102673,"8":0.0203867924,"9":0.0169171873,"10":0.0138270215,"11":0.0111459142,"12":0.0094396416,"13":0.0087427686,"14":0.0079017261,"15":0.007258416,"16":0.007048431,"17":0.0061839709,"18":0.0061272093,"19":0.0059029913},"f7v2n4e20val_loss":{"0":0.0270377573,"1":0.0221008193,"2":0.0168329998,"3":0.0171185771,"4":0.0112412382,"5":0.0117963374,"6":0.0064090279,"7":0.0039478009,"8":0.0040897544,"9":0.0040920513,"10":0.0049086761,"11":0.006169726,"12":0.0077430196,"13":0.0074406703,"14":0.0100276095,"15":0.0074713465,"16":0.0105751961,"17":0.0089549613,"18":0.0092408394,"19":0.0111803782}}