{"f5v7n4e35_loss":{"0":0.0691424056,"1":0.0548179037,"2":0.043576938,"3":0.0374424814,"4":0.0331096454,"5":0.0298688442,"6":0.0266011347,"7":0.0240026641,"8":0.0209075795,"9":0.0183712878,"10":0.0155344446,"11":0.0131734663,"12":0.0108326042,"13":0.0089188678,"14":0.0072656561,"15":0.0061825095,"16":0.0049677378,"17":0.0043631221,"18":0.0039038466,"19":0.0036152139,"20":0.0033658729,"21":0.0033627866,"22":0.0033038345,"23":0.0031843991,"24":0.0030845664,"25":0.0030372525,"26":0.0030722419,"27":0.0031017498,"28":0.0030006505,"29":0.0029918083,"30":0.0030378911,"31":0.0029592852,"32":0.0029670571,"33":0.0031498376,"34":0.0030427784},"f5v7n4e35val_loss":{"0":0.1051869923,"1":0.0718648359,"2":0.052986035,"3":0.0356582399,"4":0.0266810653,"5":0.0195473001,"6":0.0157988344,"7":0.0122522625,"8":0.0109012607,"9":0.0083425283,"10":0.0065119159,"11":0.0051584717,"12":0.0044446852,"13":0.0040608756,"14":0.0042035562,"15":0.0050517877,"16":0.0054378355,"17":0.0067090697,"18":0.0077010305,"19":0.0087498865,"20":0.0092539179,"21":0.0085541862,"22":0.0101079619,"23":0.010342526,"24":0.0113248053,"25":0.0105695892,"26":0.0104712157,"27":0.01114092,"28":0.0114207308,"29":0.0115171442,"30":0.0118477993,"31":0.0112031509,"32":0.0105436364,"33":0.0105904292,"34":0.0108058397}}