{"f2v1n2e20_loss":{"0":0.0896057792,"1":0.0800592315,"2":0.0727692087,"3":0.0667847832,"4":0.0613695969,"5":0.0570201616,"6":0.0533515946,"7":0.0499304823,"8":0.0476120413,"9":0.0450152295,"10":0.0425617503,"11":0.0402621396,"12":0.0377158021,"13":0.0358581676,"14":0.0341594206,"15":0.0320084301,"16":0.0307040448,"17":0.0290964724,"18":0.0269901261,"19":0.0257240122},"f2v1n2e20val_loss":{"0":0.1465417104,"1":0.1247343515,"2":0.1072168966,"3":0.0903214665,"4":0.0781568155,"5":0.0668259818,"6":0.0575838688,"7":0.0504892788,"8":0.0408350434,"9":0.0359802216,"10":0.0364091289,"11":0.0267072472,"12":0.0251077758,"13":0.0215008268,"14":0.0181340704,"15":0.0193030516,"16":0.0155455719,"17":0.0169290667,"18":0.0142115601,"19":0.0115614707}}