Simulacion,RMSE (1),RMSE (2),RMSE (3),RMSE (General)
TodasVariables_n512,873.8429257098396,512.9492885129921,442.62400338232044,638.3923662266307
