Simulacion,RMSE (1),RMSE (2),RMSE (3),RMSE (General)
CombinacionStocksIndex_n512,153.44298638220425,562.438947274255,287.6058327739752,375.32183279885425
