Simulacion,RMSE (1),RMSE (2),RMSE (3),RMSE (General)
CombinacionCriptos_n512,172.2261936214969,482.9633229635066,328.5736206605445,351.6039710106059
