Simulacion,RMSE (1),RMSE (2),RMSE (3),RMSE (General)
TodasVariables_n512,205.49832856660342,1125.9989417101167,399.7986005872571,699.9862143422301
