Simulacion,RMSE (1),RMSE (2),RMSE (3),RMSE (General)
Criptos Close ethereum-classic,146.3996547061809,616.6888009702163,314.33077196825354,408.46940740049325
Criptos Close eos,172.0017286257941,480.1893358403033,304.0244830988125,342.8300255367145
Criptos Close qtum,265.73057509900633,479.71798816410546,309.47621375998165,363.5554123715206
Criptos Close omisego,171.66653136573055,491.7798477357883,283.152890325818,342.2924558181406
Criptos Close zcash,170.74933475497346,478.1679715121405,306.5126176081448,342.41783883256727
