Simulacion,RMSE (1),RMSE (2),RMSE (3),RMSE (General)
Ventana chica_v0,160.68006739524247,510.76587029814226,323.7057545740464,361.24104319411214
Ventana chica_v1,161.1882166214113,651.5482309140787,416.04224961179995,455.91954401586537
Ventana chica_v2,207.63023699724553,805.003726141959,778.8489702218698,657.7099241138749
Ventana chica_v3,165.14177369402836,1149.2429169643062,1389.5751289264435,1045.4584523136855
Ventana chica_v4,493.71026611959337,2161.2817516018167,3030.1884491551004,2167.712363612224
