Simulacion,RMSE (1),RMSE (2),RMSE (3),RMSE (General)
CombinacionTrends_n512,120.8768746874618,547.9549015943155,260.5395564384553,357.1865308605535
