{"f2v7n2e20_loss":{"0":0.0397129754,"1":0.0322567431,"2":0.0274245268,"3":0.0236094124,"4":0.0190768121,"5":0.0157618818,"6":0.0131536863,"7":0.0111895528,"8":0.0093576378,"9":0.0080853512,"10":0.0071766804,"11":0.0065071448,"12":0.0059078992,"13":0.0055812234,"14":0.0054772523,"15":0.0051031428,"16":0.0051258263,"17":0.0047702505,"18":0.0045416234,"19":0.0043304854},"f2v7n2e20val_loss":{"0":0.0492309839,"1":0.0287505607,"2":0.0253600022,"3":0.0154826677,"4":0.0144804829,"5":0.0127502696,"6":0.0092261889,"7":0.007797412,"8":0.0078825852,"9":0.0056608283,"10":0.0055120047,"11":0.0057320427,"12":0.0060984838,"13":0.0062259567,"14":0.0061741203,"15":0.0072708257,"16":0.0066780349,"17":0.0076388874,"18":0.0084302333,"19":0.00860507}}