{"f2v1n2e20_loss":{"0":0.0395610205,"1":0.0267993496,"2":0.021958154,"3":0.017766119,"4":0.0143853885,"5":0.0119759031,"6":0.0102695927,"7":0.0084776666,"8":0.0075353948,"9":0.0066711624,"10":0.0060011011,"11":0.0058833062,"12":0.005830914,"13":0.0052681963,"14":0.0049160249,"15":0.0047819182,"16":0.0045363751,"17":0.0044784455,"18":0.0042518076,"19":0.0043460583},"f2v1n2e20val_loss":{"0":0.0137462464,"1":0.0158053851,"2":0.0164087385,"3":0.0151801702,"4":0.0142206935,"5":0.0118015778,"6":0.0114545885,"7":0.0099518392,"8":0.0110116276,"9":0.0099998695,"10":0.0093347485,"11":0.0101256823,"12":0.0094347227,"13":0.010143062,"14":0.0091956593,"15":0.0102153209,"16":0.0094247759,"17":0.0089178695,"18":0.0090162656,"19":0.0096563386}}