{"f1v1n4e20_loss":{"0":0.0752471482,"1":0.057998618,"2":0.0473168802,"3":0.0425975992,"4":0.0385074689,"5":0.0363359498,"6":0.032446077,"7":0.0296950535,"8":0.0273655425,"9":0.0249137838,"10":0.0214639765,"11":0.01876357,"12":0.0161156252,"13":0.0144119921,"14":0.0120763867,"15":0.0103916424,"16":0.0090837692,"17":0.0082726365,"18":0.0071477663,"19":0.0066447829},"f1v1n4e20val_loss":{"0":0.1022614645,"1":0.066293358,"2":0.0451690825,"3":0.0304029296,"4":0.0223954033,"5":0.0155671309,"6":0.0157127908,"7":0.013463654,"8":0.0091304005,"9":0.0104607072,"10":0.0049949117,"11":0.0048904201,"12":0.0032974814,"13":0.0027787626,"14":0.0028492222,"15":0.002790382,"16":0.0031269225,"17":0.0035263563,"18":0.003824796,"19":0.0044156279}}