{"f1v1n4e20_loss":{"0":0.118709241,"1":0.0768122457,"2":0.0502462292,"3":0.0384532936,"4":0.0296014432,"5":0.0254252363,"6":0.0233098742,"7":0.0210190502,"8":0.0189978486,"9":0.0178507383,"10":0.0159540585,"11":0.0144572891,"12":0.0133940452,"13":0.0122037791,"14":0.0112120434,"15":0.0106030938,"16":0.009801886,"17":0.0092984203,"18":0.0088055474,"19":0.008399566},"f1v1n4e20val_loss":{"0":0.1685523752,"1":0.1049258176,"2":0.0694368337,"3":0.0408800382,"4":0.0300684039,"5":0.0210941571,"6":0.0131156098,"7":0.0097047542,"8":0.008763022,"9":0.0070551766,"10":0.0056940555,"11":0.0054282253,"12":0.0049575238,"13":0.0048911742,"14":0.0051957667,"15":0.0049613348,"16":0.0051901548,"17":0.0050949723,"18":0.0055364141,"19":0.0056648743}}