Simulacion,RMSE (1),RMSE (2),RMSE (3),RMSE (General)
Neuronas_n512,160.50121232027502,493.1359680558459,327.31894309718587,354.06280641383063
Capas_c1_n512,123.76866920441132,608.2811705110386,283.49125814038194,393.99321454263946
Capas_c2_n512,120.92441687091298,772.7743617650567,654.4514805384576,588.8151009091451
Capas_c3_n512,136.0508525919518,8433.041742413854,7917.110880173149,6678.706150963213
Capas_c4_n512,116.74497552522193,8443.684307740383,7934.882580283702,6690.087085655943
