Simulacion,RMSE (1),RMSE (2),RMSE (3),RMSE (General)
CombinacionStocksEmpresas_n512,155.7446836116908,510.8042566207198,266.4068640201624,344.5528562510205
