Simulacion,RMSE (1),RMSE (2),RMSE (3),RMSE (General)
Neuronas_n512,160.50121232027502,493.1359680558459,327.31894309718587,354.06280641383063
CombinacionCriptos_n512,139.01965301786169,485.226408816895,309.2603683162105,341.7665417355466
CombinacionStocksIndex_n512,153.44298638220425,562.438947274255,287.6058327739752,375.32183279885425
CombinacionStocksEmpresas_n512,155.7446836116908,510.8042566207198,266.4068640201624,344.5528562510205
CombinacionTrends_n512,120.8768746874618,547.9549015943155,260.5395564384553,357.1865308605535
