Simulacion,RMSE (1),RMSE (2),RMSE (3),RMSE (General)
CombinacionCriptos_n512,139.01965301786169,485.226408816895,309.2603683162105,341.7665417355466
