Simulacion,RMSE (1),RMSE (2),RMSE (3),RMSE (General)
Ventana grande_v10,172.58204522879257,1203.6984197077943,862.8299933308418,860.8426192465332
Ventana grande_v13,231.3741985764683,1561.7057388879275,788.7147007763308,1018.9095010292601
Ventana grande_v15,188.68993291688793,1546.7771586883823,706.1485814550092,987.7194757816625
Ventana grande_v21,223.55004810452326,1134.1322186164584,645.5245592586696,764.4022653719974
Ventana grande_v50,233.58011174089856,750.751935981335,423.54368215475216,515.6152922072226
