Simulacion,RMSE (1),RMSE (2),RMSE (3),RMSE (General)
Ventana extra grande_v60,169.11381735875102,829.5109573309497,716.2967212213806,640.2522691320606
Ventana extra grande_v70,204.5074829622867,589.0467724257195,972.5853220392933,667.013647871117
Ventana extra grande_v90,364.68219065700936,612.5794499370552,354.99755020488715,459.807910370933
Ventana extra grande_v120,195.45391326231442,656.1575993377654,850.6068828815174,630.4170832561736
