{"f7v7n4e20_loss":{"0":0.1434717157,"1":0.0878596999,"2":0.0700658022,"3":0.0611486835,"4":0.0510839355,"5":0.0417021096,"6":0.0307939161,"7":0.0226299479,"8":0.0168216008,"9":0.0130872848,"10":0.0106958066,"11":0.0096006714,"12":0.0086895896,"13":0.0088928731,"14":0.0076463079,"15":0.0074377026,"16":0.0071110589,"17":0.0068015298,"18":0.0069199991,"19":0.0065671708},"f7v7n4e20val_loss":{"0":0.1330699085,"1":0.0646433928,"2":0.0433424985,"3":0.0230979349,"4":0.019300294,"5":0.0059014938,"6":0.0034632053,"7":0.0069007836,"8":0.0152035844,"9":0.0216904846,"10":0.0313201165,"11":0.0380486765,"12":0.0430771332,"13":0.0426096338,"14":0.047165793,"15":0.0462378657,"16":0.0454875895,"17":0.0523547981,"18":0.0413934527,"19":0.0486920544}}