{"f1v7n4e35_loss":{"0":0.1708419558,"1":0.1330659081,"2":0.1099285657,"3":0.0914396609,"4":0.083629946,"5":0.0734416227,"6":0.0660011572,"7":0.0609211448,"8":0.0558049641,"9":0.0521611528,"10":0.0473030138,"11":0.0439953393,"12":0.0405046727,"13":0.0365701164,"14":0.0331409933,"15":0.0303774872,"16":0.0267771965,"17":0.0241465283,"18":0.0212694573,"19":0.0189305284,"20":0.0161881295,"21":0.0142062434,"22":0.0123916441,"23":0.0105146266,"24":0.0088459844,"25":0.0074225237,"26":0.006487355,"27":0.0054090646,"28":0.0046706825,"29":0.00402563,"30":0.0035738654,"31":0.0032634853,"32":0.0028610747,"33":0.0026694024,"34":0.0025089683},"f1v7n4e35val_loss":{"0":0.2691410639,"1":0.2002733342,"2":0.148770724,"3":0.1242855097,"4":0.095107383,"5":0.0770378975,"6":0.0686588373,"7":0.0555639055,"8":0.0468732599,"9":0.040136363,"10":0.03801229,"11":0.0317192606,"12":0.027809304,"13":0.024009598,"14":0.0207858959,"15":0.0173392994,"16":0.0152331368,"17":0.0126801348,"18":0.0113673679,"19":0.0079965694,"20":0.0066005593,"21":0.004910575,"22":0.0037648417,"23":0.0028499625,"24":0.0026346818,"25":0.0024093973,"26":0.0024963064,"27":0.0027336578,"28":0.0032252793,"29":0.0037690951,"30":0.0041115903,"31":0.0052713719,"32":0.0057282979,"33":0.0062190354,"34":0.0061074843}}