{"f7v7n2e20_loss":{"0":0.4868089085,"1":0.3332665151,"2":0.2316217119,"3":0.169780245,"4":0.1294274071,"5":0.1080629985,"6":0.0897871939,"7":0.0770729858,"8":0.0674116574,"9":0.0599417758,"10":0.0519608824,"11":0.0449057316,"12":0.039918958,"13":0.0347724669,"14":0.0299863626,"15":0.0261176144,"16":0.0229188544,"17":0.019940077,"18":0.0176468225,"19":0.0153315528},"f7v7n2e20val_loss":{"0":0.0280389664,"1":0.0204390079,"2":0.0304056208,"3":0.0443851667,"4":0.0511477075,"5":0.0521531883,"6":0.0527675377,"7":0.05104824,"8":0.0484050345,"9":0.0361477471,"10":0.030733649,"11":0.0259780915,"12":0.0232742473,"13":0.0165098537,"14":0.0132301417,"15":0.01023822,"16":0.0074560752,"17":0.005780675,"18":0.004298638,"19":0.0036541936}}