{"f5v5n2e35_loss":{"0":0.0510930174,"1":0.0414063367,"2":0.0338168825,"3":0.0288462923,"4":0.0257285005,"5":0.023048339,"6":0.0213793036,"7":0.0199110472,"8":0.01846215,"9":0.0170204483,"10":0.0157642503,"11":0.0145190058,"12":0.0133678474,"13":0.0121671905,"14":0.0111865967,"15":0.0100177571,"16":0.0089565494,"17":0.0080889138,"18":0.0074472398,"19":0.0066982715,"20":0.0060074298,"21":0.0055138015,"22":0.0051021583,"23":0.0046549484,"24":0.0043829693,"25":0.0041501987,"26":0.0040611776,"27":0.0038702734,"28":0.0037340205,"29":0.003740204,"30":0.0036205817,"31":0.0035658399,"32":0.003504933,"33":0.0034995747,"34":0.0035169176},"f5v5n2e35val_loss":{"0":0.0780585646,"1":0.0582993559,"2":0.0448054449,"3":0.0341816804,"4":0.0248985264,"5":0.0214448159,"6":0.0166848753,"7":0.0141345636,"8":0.0119047963,"9":0.0110649227,"10":0.0097679546,"11":0.0086404355,"12":0.0071437193,"13":0.0072631887,"14":0.0065775664,"15":0.0058076707,"16":0.0054575883,"17":0.0055936955,"18":0.0046878159,"19":0.0046170701,"20":0.0047102107,"21":0.0042946463,"22":0.0045602959,"23":0.0042362895,"24":0.004236311,"25":0.0043126789,"26":0.0044077546,"27":0.0044058217,"28":0.0044353716,"29":0.004472786,"30":0.0046513326,"31":0.0046428334,"32":0.0046195536,"33":0.0046288651,"34":0.0046613989}}