{"f7v1n2e20_loss":{"0":0.2490041594,"1":0.1851806763,"2":0.1416414142,"3":0.1105462128,"4":0.0924377417,"5":0.0761413084,"6":0.068791173,"7":0.0617724788,"8":0.0568631986,"9":0.0532914298,"10":0.0499177941,"11":0.0471687022,"12":0.0440574116,"13":0.0415389085,"14":0.0393548726,"15":0.036842316,"16":0.0346925187,"17":0.0325495087,"18":0.0306483922,"19":0.0293241349},"f7v1n2e20val_loss":{"0":0.4146994195,"1":0.2994617232,"2":0.2214264376,"3":0.1676198938,"4":0.1171020377,"5":0.0945398692,"6":0.065656278,"7":0.050919116,"8":0.043068912,"9":0.0313135714,"10":0.0293377247,"11":0.0203988414,"12":0.0179814771,"13":0.0165545262,"14":0.0148880848,"15":0.0124137787,"16":0.0120490111,"17":0.011543314,"18":0.0098535748,"19":0.0083064139}}