{"f7v2n2e20_loss":{"0":0.1132749529,"1":0.0941367496,"2":0.0792890451,"3":0.0685706296,"4":0.0586089635,"5":0.0504479025,"6":0.0428217862,"7":0.0368756544,"8":0.03232035,"9":0.0289662326,"10":0.0253860423,"11":0.02288631,"12":0.0197905904,"13":0.0170584281,"14":0.0145241592,"15":0.0124842383,"16":0.010804081,"17":0.0093288043,"18":0.0082719674,"19":0.0073634104},"f7v2n2e20val_loss":{"0":0.2045805957,"1":0.1672001933,"2":0.1441629205,"3":0.1165512988,"4":0.0911619507,"5":0.0681081371,"6":0.0543757898,"7":0.0438876325,"8":0.0309048862,"9":0.0237281202,"10":0.0213510693,"11":0.0158861885,"12":0.0170790146,"13":0.0131753565,"14":0.0127478021,"15":0.0118470112,"16":0.0104750583,"17":0.0098832117,"18":0.0105615879,"19":0.0090539961}}