{"f5v1n4e35_loss":{"0":0.0774307575,"1":0.0682291163,"2":0.0610365916,"3":0.0546616463,"4":0.050906466,"5":0.0469734636,"6":0.044557008,"7":0.0423778324,"8":0.0409184135,"9":0.0394641363,"10":0.0380827002,"11":0.0370056032,"12":0.0360707001,"13":0.0348663255,"14":0.0338721634,"15":0.0330656025,"16":0.0321281676,"17":0.030837806,"18":0.0299935264,"19":0.0286774562,"20":0.0275904894,"21":0.0265135204,"22":0.0257675871,"23":0.0246674441,"24":0.0234924504,"25":0.0225222096,"26":0.0212418507,"27":0.0204485492,"28":0.0192145746,"29":0.0182791969,"30":0.0172626352,"31":0.0163304753,"32":0.0154138713,"33":0.0143940608,"34":0.0137697933},"f5v1n4e35val_loss":{"0":0.1340573222,"1":0.1130997388,"2":0.0954229183,"3":0.0834455806,"4":0.0717617821,"5":0.064896817,"6":0.0566907,"7":0.0508619807,"8":0.0436707795,"9":0.0400708683,"10":0.036978845,"11":0.0345429802,"12":0.0321970952,"13":0.0302859622,"14":0.0290242472,"15":0.0264902047,"16":0.0239272548,"17":0.0247961178,"18":0.024315654,"19":0.0221379591,"20":0.0208709219,"21":0.0196237063,"22":0.0171043087,"23":0.0188133535,"24":0.016122494,"25":0.0150483599,"26":0.0153185707,"27":0.0141699368,"28":0.0134312588,"29":0.0133310959,"30":0.0121613721,"31":0.0110427212,"32":0.0100236508,"33":0.0099586966,"34":0.0101205396}}