{"f1v2n4e35_loss":{"0":0.0709028108,"1":0.0590182462,"2":0.0497273493,"3":0.0437504962,"4":0.0387774336,"5":0.0352129112,"6":0.0329845117,"7":0.0307156515,"8":0.0287630677,"9":0.0271360833,"10":0.025402277,"11":0.0234195487,"12":0.0216579185,"13":0.0204615489,"14":0.0184078365,"15":0.0166128497,"16":0.015215449,"17":0.0133977573,"18":0.011949388,"19":0.0107987845,"20":0.0094551049,"21":0.0079678178,"22":0.0067781117,"23":0.0058515229,"24":0.0048259282,"25":0.004105911,"26":0.0034845437,"27":0.0028946568,"28":0.0024028615,"29":0.0020462002,"30":0.0017703038,"31":0.0015150785,"32":0.0013322622,"33":0.0012159147,"34":0.0011174436},"f1v2n4e35val_loss":{"0":0.1214529373,"1":0.1002415626,"2":0.0820968443,"3":0.0641591731,"4":0.0534082458,"5":0.0431599813,"6":0.0335617691,"7":0.028398964,"8":0.0277856107,"9":0.0221885921,"10":0.0195242494,"11":0.0169150046,"12":0.0157352191,"13":0.0126035823,"14":0.0128978781,"15":0.0112800117,"16":0.0087308835,"17":0.0082274107,"18":0.0078811906,"19":0.0074255894,"20":0.0047828561,"21":0.0051758049,"22":0.003879462,"23":0.0030395716,"24":0.0027626126,"25":0.0025235706,"26":0.0019714858,"27":0.0018444112,"28":0.0015523089,"29":0.0012630319,"30":0.0012536979,"31":0.001085847,"32":0.0010614664,"33":0.0009933497,"34":0.0010344786}}