{"f2v1n4e20_loss":{"0":0.1298806387,"1":0.0908431827,"2":0.0664166894,"3":0.0522655992,"4":0.044044707,"5":0.0373107851,"6":0.0325040303,"7":0.0289102475,"8":0.0258252501,"9":0.0226973605,"10":0.0198202731,"11":0.0172710172,"12":0.0150887727,"13":0.0126828057,"14":0.010954083,"15":0.0091582829,"16":0.0079868071,"17":0.0071010385,"18":0.0062502591,"19":0.0058457426},"f2v1n4e20val_loss":{"0":0.1893530476,"1":0.1286754604,"2":0.0889898962,"3":0.0595348848,"4":0.0383664162,"5":0.0270611611,"6":0.0196304279,"7":0.0144580362,"8":0.0106906845,"9":0.0081020506,"10":0.0063433095,"11":0.0043560984,"12":0.0025863245,"13":0.0022445561,"14":0.0019834179,"15":0.0021052509,"16":0.0022512117,"17":0.0025532806,"18":0.0031706425,"19":0.003940584}}