{"f2v1n4e20_loss":{"0":0.0638437687,"1":0.0551765063,"2":0.0483267339,"3":0.0450009162,"4":0.0408410149,"5":0.0374074273,"6":0.0338844768,"7":0.0306895965,"8":0.027414022,"9":0.0244250163,"10":0.022139565,"11":0.0199098218,"12":0.0169063043,"13":0.0151715897,"14":0.0135019314,"15":0.0122095321,"16":0.0107234658,"17":0.0098707988,"18":0.0093325334,"19":0.0086840871},"f2v1n4e20val_loss":{"0":0.0837313288,"1":0.0636036263,"2":0.0495408236,"3":0.0348657251,"4":0.0289456132,"5":0.0224635199,"6":0.0210884136,"7":0.0142750378,"8":0.0107042741,"9":0.0100930178,"10":0.0081334825,"11":0.0043906839,"12":0.0039051177,"13":0.0033537172,"14":0.0030806719,"15":0.0029415256,"16":0.0033069707,"17":0.0036579085,"18":0.0042084782,"19":0.0044170701}}