{"f7v5n2e20_loss":{"0":0.2011960348,"1":0.1633439556,"2":0.1394111468,"3":0.1199386177,"4":0.1088926804,"5":0.0975122803,"6":0.0877133565,"7":0.0778385536,"8":0.0693431532,"9":0.0626958718,"10":0.0557733231,"11":0.0487529786,"12":0.0442276957,"13":0.0381762806,"14":0.0333254462,"15":0.029601392,"16":0.0256383257,"17":0.0226102865,"18":0.0198910215,"19":0.0175856436},"f7v5n2e20val_loss":{"0":0.1867342141,"1":0.1855109058,"2":0.1522058638,"3":0.1310127026,"4":0.10816985,"5":0.0941304185,"6":0.0716621097,"7":0.0660594504,"8":0.059081839,"9":0.045688919,"10":0.0386480365,"11":0.0344563968,"12":0.0264077279,"13":0.024547734,"14":0.0189472357,"15":0.0157185628,"16":0.0124193523,"17":0.01099506,"18":0.008371478,"19":0.0069925126}}