{"f2v7n4e35_loss":{"0":0.0651827829,"1":0.0519146962,"2":0.0439335643,"3":0.0377596432,"4":0.0331985036,"5":0.0293958915,"6":0.0263556763,"7":0.0240515616,"8":0.0217068907,"9":0.0189859937,"10":0.0170948292,"11":0.0138480528,"12":0.0113996933,"13":0.0093306606,"14":0.0071719392,"15":0.0053595117,"16":0.0040067297,"17":0.0032136934,"18":0.0024945298,"19":0.0021049997,"20":0.0020197214,"21":0.0018173344,"22":0.0017635653,"23":0.0017426501,"24":0.0017563473,"25":0.0017684766,"26":0.001696443,"27":0.0016705178,"28":0.0016701747,"29":0.0016889373,"30":0.0016760923,"31":0.0016797456,"32":0.0017061957,"33":0.0017126924,"34":0.0016803603},"f2v7n4e35val_loss":{"0":0.1034872752,"1":0.079623639,"2":0.0621232829,"3":0.0495616446,"4":0.0376300184,"5":0.0316375135,"6":0.0242325979,"7":0.0187386911,"8":0.0144174601,"9":0.0129201662,"10":0.0084242783,"11":0.0063685913,"12":0.0049108932,"13":0.003237906,"14":0.0025912808,"15":0.0023629143,"16":0.0022983489,"17":0.0030824908,"18":0.0035010545,"19":0.0038016209,"20":0.0048691022,"21":0.0048931468,"22":0.0050579859,"23":0.0055519821,"24":0.0056950594,"25":0.0051930307,"26":0.0062528615,"27":0.0059573304,"28":0.00622826,"29":0.0062122465,"30":0.0060515579,"31":0.0056756246,"32":0.0058381461,"33":0.0054121864,"34":0.0068417773}}