{"f5v7n4e20_loss":{"0":0.3329437091,"1":0.1433649694,"2":0.0615358403,"3":0.0277445932,"4":0.019513943,"5":0.0152632102,"6":0.0126289632,"7":0.0107114576,"8":0.0093372657,"9":0.0081982495,"10":0.0079619234,"11":0.006825265,"12":0.0064079918,"13":0.0061475738,"14":0.0057317767,"15":0.0055809669,"16":0.0055590608,"17":0.0053700622,"18":0.004944491,"19":0.0049415346},"f5v7n4e20val_loss":{"0":0.3441325661,"1":0.1600345499,"2":0.0702432634,"3":0.0352123839,"4":0.0200770761,"5":0.0151203862,"6":0.0147866376,"7":0.0144792977,"8":0.0130331713,"9":0.0137667322,"10":0.0154733299,"11":0.0135966096,"12":0.0143080865,"13":0.0141675254,"14":0.0148907949,"15":0.0147493656,"16":0.0150861035,"17":0.0139483314,"18":0.0158143069,"19":0.01443289}}