{"f5v7n4e20_loss":{"0":0.0516993198,"1":0.0397085971,"2":0.0309372308,"3":0.0254970822,"4":0.0216886642,"5":0.0193725251,"6":0.0176788556,"7":0.0163106563,"8":0.0153973621,"9":0.0141445669,"10":0.013292142,"11":0.0127427483,"12":0.0129507697,"13":0.0119669063,"14":0.0118350476,"15":0.011278197,"16":0.0106743301,"17":0.0101727214,"18":0.0100798824,"19":0.0102399938},"f5v7n4e20val_loss":{"0":0.0216715191,"1":0.0130053439,"2":0.006785096,"3":0.004421945,"4":0.003704011,"5":0.0042247265,"6":0.0055932825,"7":0.0055526285,"8":0.0061996819,"9":0.006464381,"10":0.0079088677,"11":0.0085800083,"12":0.0089288964,"13":0.0073842307,"14":0.008939111,"15":0.0080048024,"16":0.0083390873,"17":0.0089242467,"18":0.0089533086,"19":0.0070290855}}