{"f7v7n2e20_loss":{"0":0.104924799,"1":0.0149590169,"2":0.005811065,"3":0.0054692323,"4":0.0050940134,"5":0.0048777441,"6":0.0047469349,"7":0.0045721865,"8":0.0044055396,"9":0.0043907315,"10":0.0043902098,"11":0.0042825349,"12":0.0041754604,"13":0.0041282276,"14":0.004351864,"15":0.0040346763,"16":0.0039215379,"17":0.0039373369,"18":0.0038750141,"19":0.0037928229},"f7v7n2e20val_loss":{"0":0.0966849197,"1":0.0084082863,"2":0.0047869857,"3":0.0049745377,"4":0.0054417267,"5":0.0047003048,"6":0.0045176702,"7":0.0044650187,"8":0.0046830247,"9":0.004694692,"10":0.0047399662,"11":0.0045482638,"12":0.0049716121,"13":0.0051632622,"14":0.0052477008,"15":0.0049060758,"16":0.0056843085,"17":0.0052940255,"18":0.0054915217,"19":0.0059509035}}