{"f7v2n4e20_loss":{"0":0.1067113537,"1":0.0912464023,"2":0.082035389,"3":0.0705559491,"4":0.0649908248,"5":0.0547722457,"6":0.04839213,"7":0.0409466915,"8":0.0345386612,"9":0.0300181747,"10":0.0249727372,"11":0.0207776389,"12":0.0176357425,"13":0.0147190486,"14":0.0122558768,"15":0.0104832907,"16":0.0093573969,"17":0.0082380475,"18":0.0073501946,"19":0.0068107074},"f7v2n4e20val_loss":{"0":0.1062787839,"1":0.0925612285,"2":0.0641638862,"3":0.0555403207,"4":0.0399469044,"5":0.0377476309,"6":0.0266516981,"7":0.019637786,"8":0.0134691872,"9":0.0099763438,"10":0.0068622616,"11":0.0063921982,"12":0.0050205181,"13":0.0056736011,"14":0.006361401,"15":0.0078228403,"16":0.0088008346,"17":0.0112674057,"18":0.0132938038,"19":0.0159350018}}