{"f7v7n4e20_loss":{"0":0.0862253347,"1":0.0118674331,"2":0.0081561007,"3":0.0076050151,"4":0.0072981766,"5":0.0067806609,"6":0.0063675644,"7":0.0061674565,"8":0.0060617407,"9":0.0054244983,"10":0.0051550371,"11":0.0050347199,"12":0.0046015136,"13":0.0043068589,"14":0.0041254449,"15":0.0038160165,"16":0.0036905236,"17":0.0039291176,"18":0.0039222159,"19":0.0032047893},"f7v7n4e20val_loss":{"0":0.0216442631,"1":0.0057795051,"2":0.0061391414,"3":0.0062327534,"4":0.0065566021,"5":0.0069423971,"6":0.0065074987,"7":0.0065865636,"8":0.0069962361,"9":0.0069268199,"10":0.0067366304,"11":0.0073495561,"12":0.0071843602,"13":0.0069830986,"14":0.0069271823,"15":0.0073136073,"16":0.0072365771,"17":0.007543549,"18":0.0072378009,"19":0.0074802492}}