{"RMSE":{"f1":0.0555346887,"f2":0.062704555,"f3":0.0390371516}}