Simulacion,RMSE
f1,0.055534688732142394
f2,0.06270455501908286
f3,0.039037151574723324
