{"f2v1n4e35_loss":{"0":0.0948671377,"1":0.0845155677,"2":0.0748817695,"3":0.0685698007,"4":0.0626765296,"5":0.0588025042,"6":0.0549751336,"7":0.0518139135,"8":0.050182281,"9":0.0478603159,"10":0.0460823149,"11":0.0451511798,"12":0.0442033469,"13":0.0421402091,"14":0.0410299414,"15":0.04009757,"16":0.0387962442,"17":0.0379257286,"18":0.0369793907,"19":0.0354813806,"20":0.0343524758,"21":0.0334555768,"22":0.0321834273,"23":0.0311444267,"24":0.0305002407,"25":0.0287390573,"26":0.0276253161,"27":0.0271684409,"28":0.0256520383,"29":0.0241529017,"30":0.0236411573,"31":0.0221629262,"32":0.0210106596,"33":0.0199285958,"34":0.018973437},"f2v1n4e35val_loss":{"0":0.1734568488,"1":0.1506855798,"2":0.1316695041,"3":0.1133656325,"4":0.1008928528,"5":0.0875596837,"6":0.0777923537,"7":0.0723821993,"8":0.0629407576,"9":0.0568291054,"10":0.0540629219,"11":0.0481815365,"12":0.0441594485,"13":0.0438421158,"14":0.0414470338,"15":0.0373444447,"16":0.0355740186,"17":0.0357294208,"18":0.0312196401,"19":0.0313425899,"20":0.0302558137,"21":0.0279196272,"22":0.026035376,"23":0.0267536442,"24":0.0224125549,"25":0.0231102018,"26":0.0212655231,"27":0.0190508325,"28":0.0216521675,"29":0.0201725235,"30":0.0166981433,"31":0.0177703798,"32":0.0157417939,"33":0.0148239984,"34":0.0144315434}}