{"f2v2n4e20_loss":{"0":0.0605389228,"1":0.0461179181,"2":0.0369579074,"3":0.0294474283,"4":0.0223345856,"5":0.0171225237,"6":0.0131411625,"7":0.0109205219,"8":0.0095612146,"9":0.008172874,"10":0.0075875927,"11":0.0070420879,"12":0.0067427505,"13":0.0068312106,"14":0.0063584769,"15":0.006461773,"16":0.0060376048,"17":0.0063784176,"18":0.0057390756,"19":0.0055422388},"f2v2n4e20val_loss":{"0":0.02716918,"1":0.0368696641,"2":0.0337364656,"3":0.0214054073,"4":0.0179381762,"5":0.0175348978,"6":0.0180632272,"7":0.0157334726,"8":0.0166581689,"9":0.0155652288,"10":0.0173491716,"11":0.0168116071,"12":0.017563888,"13":0.0164104447,"14":0.01617225,"15":0.0156641739,"16":0.0164739608,"17":0.016572421,"18":0.0161252657,"19":0.0158216232}}