{"f5v5n4e20_loss":{"0":0.1268908505,"1":0.0640250955,"2":0.0482687086,"3":0.0434885662,"4":0.03733724,"5":0.0320596396,"6":0.0282665266,"7":0.0243117983,"8":0.0212403472,"9":0.019276157,"10":0.0178603601,"11":0.0162576883,"12":0.0154839519,"13":0.0147520056,"14":0.0140693875,"15":0.0134840072,"16":0.0132271543,"17":0.0120643302,"18":0.0118475527,"19":0.0115067899},"f5v5n4e20val_loss":{"0":0.141064423,"1":0.0559271031,"2":0.0251896014,"3":0.0151020545,"4":0.0133908641,"5":0.0092887023,"6":0.008325456,"7":0.0075662892,"8":0.0077419225,"9":0.0079947994,"10":0.0081611994,"11":0.0090229971,"12":0.0096369769,"13":0.0100746555,"14":0.0108371583,"15":0.0092539524,"16":0.0092543368,"17":0.0094614764,"18":0.0097314302,"19":0.0094608004}}