{"f1v2n2e20_loss":{"0":0.0930489678,"1":0.0772521576,"2":0.0649289444,"3":0.0548321992,"4":0.0470786578,"5":0.0372883712,"6":0.0302225451,"7":0.0244665191,"8":0.0183997367,"9":0.0146320681,"10":0.0113531819,"11":0.0091052956,"12":0.0073247786,"13":0.0059422051,"14":0.00500784,"15":0.0044504655,"16":0.0040659457,"17":0.0037394996,"18":0.0034838581,"19":0.0032405001},"f1v2n2e20val_loss":{"0":0.1134425984,"1":0.0789137721,"2":0.0598069109,"3":0.0416476548,"4":0.0224409114,"5":0.0184642905,"6":0.015568887,"7":0.0084235553,"8":0.0084720243,"9":0.0070587964,"10":0.0052471888,"11":0.0053463639,"12":0.0047001991,"13":0.0045287641,"14":0.0048096885,"15":0.0048530052,"16":0.0049971097,"17":0.0051004014,"18":0.0050492827,"19":0.0051323294}}