{"f2v5n2e20_loss":{"0":0.1099319936,"1":0.0922224743,"2":0.0798878462,"3":0.0686177175,"4":0.0594138014,"5":0.0522326203,"6":0.0451114203,"7":0.0391256164,"8":0.035316872,"9":0.0303375141,"10":0.0272033509,"11":0.0241898784,"12":0.0221629522,"13":0.0198946283,"14":0.0183311794,"15":0.0165384873,"16":0.0149439718,"17":0.0133246651,"18":0.0123332738,"19":0.0115331626},"f2v5n2e20val_loss":{"0":0.1925301355,"1":0.1329485493,"2":0.1133267638,"3":0.095245697,"4":0.0774007163,"5":0.0601934853,"6":0.0510301455,"7":0.0409968256,"8":0.0278174871,"9":0.0219532228,"10":0.0163671781,"11":0.0133281466,"12":0.008724371,"13":0.0079814751,"14":0.005610827,"15":0.0042372997,"16":0.0034455474,"17":0.0028321551,"18":0.0025937255,"19":0.0024144349}}