{"f2v2n4e20_loss":{"0":0.1855758164,"1":0.1007970193,"2":0.0654946502,"3":0.0450598554,"4":0.0367379936,"5":0.0323726561,"6":0.0294308684,"7":0.0252884779,"8":0.0228257439,"9":0.0182236889,"10":0.0155356551,"11":0.0134479406,"12":0.0110775332,"13":0.009354746,"14":0.0081424615,"15":0.0072340069,"16":0.0057906051,"17":0.0051523114,"18":0.0048165486,"19":0.0042885839},"f2v2n4e20val_loss":{"0":0.2201503395,"1":0.1247708641,"2":0.0638924515,"3":0.0385937645,"4":0.0241770459,"5":0.0157508861,"6":0.0091506876,"7":0.0088007321,"8":0.0042078984,"9":0.0038667244,"10":0.002504156,"11":0.0013686963,"12":0.0012308835,"13":0.0015446013,"14":0.0021678856,"15":0.0035923779,"16":0.0043242595,"17":0.0058014565,"18":0.0063790345,"19":0.0070962811}}