{"f7v1n2e35_loss":{"0":0.0886212429,"1":0.0807614942,"2":0.0744042965,"3":0.0694627816,"4":0.0647902621,"5":0.0608793037,"6":0.0580461056,"7":0.0554158821,"8":0.0534283575,"9":0.0519849838,"10":0.0504485639,"11":0.0491286823,"12":0.0480608307,"13":0.0471733,"14":0.0467923786,"15":0.0457898074,"16":0.0447158422,"17":0.0440295418,"18":0.0432252367,"19":0.0426269522,"20":0.0416117177,"21":0.0407983253,"22":0.0400732283,"23":0.0392272528,"24":0.0382444837,"25":0.0373712741,"26":0.036511353,"27":0.035630042,"28":0.0347976652,"29":0.0337570955,"30":0.0327752592,"31":0.0318627447,"32":0.0308133169,"33":0.0298185865,"34":0.0289008315},"f7v1n2e35val_loss":{"0":0.1536200909,"1":0.1378942948,"2":0.1245477545,"3":0.110604773,"4":0.0993086705,"5":0.0928698266,"6":0.0826824504,"7":0.0752957651,"8":0.0694981789,"9":0.0622863359,"10":0.0578425518,"11":0.0542788373,"12":0.0522108721,"13":0.0487450368,"14":0.0441610021,"15":0.0430494637,"16":0.0411097196,"17":0.0389301768,"18":0.0367236183,"19":0.0345627293,"20":0.0350589386,"21":0.0332266331,"22":0.030996921,"23":0.0318229789,"24":0.0299043413,"25":0.0284599529,"26":0.027515499,"27":0.026095798,"28":0.0249390838,"29":0.0246962551,"30":0.0234507808,"31":0.0219638622,"32":0.0215390393,"33":0.0203761302,"34":0.0199868166}}