{"f5v1n4e20_loss":{"0":0.1591113134,"1":0.1009374147,"2":0.0666544447,"3":0.0514150779,"4":0.046414321,"5":0.036729509,"6":0.0326505446,"7":0.0282253255,"8":0.0244128177,"9":0.0213046837,"10":0.0187766639,"11":0.0149971884,"12":0.0131499978,"13":0.0110223931,"14":0.0097852897,"15":0.0090417422,"16":0.0081706748,"17":0.0075979504,"18":0.0073157753,"19":0.0071873743},"f5v1n4e20val_loss":{"0":0.258445386,"1":0.1475650209,"2":0.0967560489,"3":0.0711414945,"4":0.0361569932,"5":0.0290920889,"6":0.0225198744,"7":0.0171554303,"8":0.0134826222,"9":0.0097467774,"10":0.0116658226,"11":0.0065393554,"12":0.0057652163,"13":0.006627586,"14":0.0066763601,"15":0.0066455053,"16":0.007114547,"17":0.0072456414,"18":0.007578454,"19":0.0084183138}}