{"f7v5n4e35_loss":{"0":0.0672339997,"1":0.0484964352,"2":0.0372577799,"3":0.0310805828,"4":0.0264910439,"5":0.0233240917,"6":0.0211180215,"7":0.0182178869,"8":0.0159172216,"9":0.0140014482,"10":0.0120191756,"11":0.0106213518,"12":0.0091511408,"13":0.0079303739,"14":0.00711334,"15":0.0064681009,"16":0.0059105746,"17":0.0054904334,"18":0.0052135821,"19":0.0050879757,"20":0.0049131115,"21":0.0049459785,"22":0.004669126,"23":0.0047077392,"24":0.004717302,"25":0.0047717654,"26":0.0047422231,"27":0.0046522275,"28":0.0045211435,"29":0.0045624568,"30":0.0044714004,"31":0.0045467404,"32":0.0044895132,"33":0.0044671268,"34":0.0046152708},"f7v5n4e35val_loss":{"0":0.0938237685,"1":0.0603860023,"2":0.0395874663,"3":0.0225031032,"4":0.0161159414,"5":0.014229934,"6":0.0094430682,"7":0.0085841653,"8":0.0077858543,"9":0.0067257342,"10":0.0062117346,"11":0.00538337,"12":0.0055839341,"13":0.0053957774,"14":0.0053061298,"15":0.0054602357,"16":0.0055968168,"17":0.0057440209,"18":0.0058930298,"19":0.0060542421,"20":0.0061470746,"21":0.0060347606,"22":0.0065475135,"23":0.0065056868,"24":0.0063170549,"25":0.006739493,"26":0.0064982739,"27":0.0062901519,"28":0.0071343628,"29":0.0067229468,"30":0.0067251062,"31":0.0064231248,"32":0.0069156985,"33":0.0066833203,"34":0.00629251}}