{"f1v1n4e35_loss":{"0":0.0971751466,"1":0.0878135943,"2":0.0805045791,"3":0.0738708958,"4":0.0689249897,"5":0.0652503881,"6":0.0614933518,"7":0.0585135668,"8":0.0561081705,"9":0.0541206022,"10":0.0527646978,"11":0.0511958558,"12":0.0500483224,"13":0.0487014246,"14":0.0476525295,"15":0.0467264177,"16":0.0454499596,"17":0.0444826063,"18":0.0433516728,"19":0.0423558928,"20":0.0416056006,"21":0.040146435,"22":0.0392895929,"23":0.0379359804,"24":0.0371978602,"25":0.0354718748,"26":0.034005545,"27":0.0326194762,"28":0.0312492618,"29":0.0298457585,"30":0.0284253876,"31":0.0276359249,"32":0.0255948491,"33":0.0240153679,"34":0.0225936662},"f1v1n4e35val_loss":{"0":0.1847231812,"1":0.1657944843,"2":0.1481205833,"3":0.1330131292,"4":0.1216951173,"5":0.107127731,"6":0.0972971408,"7":0.0887917421,"8":0.0822959874,"9":0.076409576,"10":0.0697114491,"11":0.0652136816,"12":0.0598457464,"13":0.0570306192,"14":0.0536713104,"15":0.0498416338,"16":0.0495247913,"17":0.0470232866,"18":0.0438171921,"19":0.0419972338,"20":0.0383895021,"21":0.0374286195,"22":0.0351220494,"23":0.0369987616,"24":0.0324790406,"25":0.0336078636,"26":0.0295765292,"27":0.0282015595,"28":0.0263649201,"29":0.0253324749,"30":0.0240815972,"31":0.0212941329,"32":0.0219238966,"33":0.0207894746,"34":0.0186917873}}