{"f5v5n4e20_loss":{"0":0.0768646297,"1":0.0541459295,"2":0.0412381743,"3":0.0321374832,"4":0.0252315651,"5":0.0201635986,"6":0.0157892014,"7":0.013393157,"8":0.0116491838,"9":0.0103442375,"10":0.0091332774,"11":0.0085748627,"12":0.0079433015,"13":0.007779981,"14":0.0070315669,"15":0.0070556526,"16":0.0063153256,"17":0.006390855,"18":0.0060044993,"19":0.0057023071},"f5v5n4e20val_loss":{"0":0.0513225399,"1":0.0288581196,"2":0.0168696417,"3":0.0148682876,"4":0.011161241,"5":0.0109925203,"6":0.0095290994,"7":0.0112376384,"8":0.0113067575,"9":0.0114504122,"10":0.0129885955,"11":0.0127323598,"12":0.0132472926,"13":0.013992609,"14":0.0138349411,"15":0.0140993793,"16":0.0135014815,"17":0.0138046646,"18":0.0142388845,"19":0.0155451401}}