{"f5v5n4e20_loss":{"0":0.1267169046,"1":0.0755511715,"2":0.0566567421,"3":0.0442473158,"4":0.0402866344,"5":0.034143867,"6":0.0293905203,"7":0.0237198852,"8":0.0188518418,"9":0.0134605437,"10":0.0103316365,"11":0.007329105,"12":0.005836147,"13":0.0050049955,"14":0.0044710546,"15":0.0042667459,"16":0.0038823968,"17":0.0038153828,"18":0.0035530063,"19":0.0035917442},"f5v5n4e20val_loss":{"0":0.1653168048,"1":0.1001648397,"2":0.062541876,"3":0.0457527172,"4":0.031518686,"5":0.0257789079,"6":0.0170430359,"7":0.0136089087,"8":0.0085124793,"9":0.0048374535,"10":0.0049999495,"11":0.0062182942,"12":0.0079955954,"13":0.009955828,"14":0.0122747181,"15":0.0123779879,"16":0.0143688929,"17":0.015012713,"18":0.0134743914,"19":0.013457547}}