{"f5v1n2e20_loss":{"0":0.0407138633,"1":0.0335577975,"2":0.0299428282,"3":0.0253123937,"4":0.0221652797,"5":0.0187852033,"6":0.0160027875,"7":0.0136352866,"8":0.0115159554,"9":0.0099244581,"10":0.0086720858,"11":0.007497215,"12":0.0069156173,"13":0.0063785246,"14":0.0059669947,"15":0.0056420598,"16":0.0053289759,"17":0.0051865176,"18":0.0051443875,"19":0.0051879709},"f5v1n2e20val_loss":{"0":0.0366995338,"1":0.0303519699,"2":0.0176344322,"3":0.011745783,"4":0.0095530883,"5":0.0073548075,"6":0.0055312763,"7":0.0043286847,"8":0.0045711467,"9":0.0042630954,"10":0.004495726,"11":0.0047186955,"12":0.005163988,"13":0.0055304111,"14":0.005933481,"15":0.0073846915,"16":0.0066178051,"17":0.0068142607,"18":0.0072200781,"19":0.0067585134}}