{"f2v5n4e35_loss":{"0":0.2401438133,"1":0.2014142058,"2":0.1732257238,"3":0.152708693,"4":0.1350440625,"5":0.1225768265,"6":0.1112804133,"7":0.103698766,"8":0.0980882178,"9":0.091773167,"10":0.0874532678,"11":0.082391256,"12":0.079222882,"13":0.0756172976,"14":0.0720388525,"15":0.070360534,"16":0.0661999948,"17":0.0630425015,"18":0.0603816059,"19":0.0575049575,"20":0.0547387605,"21":0.0521246479,"22":0.04919877,"23":0.0468261793,"24":0.0433945175,"25":0.0405953143,"26":0.0382093528,"27":0.0356186888,"28":0.0326994585,"29":0.0300751743,"30":0.0273461478,"31":0.0246673763,"32":0.0222850557,"33":0.0199633755,"34":0.0175902548},"f2v5n4e35val_loss":{"0":0.4181664159,"1":0.3460332103,"2":0.289737718,"3":0.2404239655,"4":0.2048278724,"5":0.1723303896,"6":0.1512757028,"7":0.1384138503,"8":0.1153882701,"9":0.1010420462,"10":0.0899030126,"11":0.0853445438,"12":0.0759254705,"13":0.0687862562,"14":0.0648193318,"15":0.0560303657,"16":0.0545021392,"17":0.0513600291,"18":0.0486870421,"19":0.0441305187,"20":0.042835232,"21":0.0365009875,"22":0.0351487467,"23":0.0309760397,"24":0.0302584068,"25":0.029340568,"26":0.026045091,"27":0.0220737613,"28":0.0206657254,"29":0.0176568441,"30":0.0165435472,"31":0.015108091,"32":0.0119410775,"33":0.0102741058,"34":0.008989377}}