{"f1v2n2e35_loss":{"0":0.0511716926,"1":0.0433926221,"2":0.0369423145,"3":0.0322756686,"4":0.0302388449,"5":0.027530082,"6":0.0260014814,"7":0.0253825487,"8":0.0233095758,"9":0.0220276306,"10":0.0208074984,"11":0.0196316929,"12":0.0185501072,"13":0.0172994124,"14":0.0160793339,"15":0.0149259232,"16":0.013815365,"17":0.0125255952,"18":0.0115581295,"19":0.0105012643,"20":0.0094740952,"21":0.0084955285,"22":0.0076053883,"23":0.006813555,"24":0.0060533826,"25":0.0052872464,"26":0.0046355294,"27":0.0040949564,"28":0.0035301378,"29":0.0030877426,"30":0.0027011638,"31":0.0023369902,"32":0.0020524415,"33":0.0018046157,"34":0.0015893399},"f1v2n2e35val_loss":{"0":0.0884528677,"1":0.0688208686,"2":0.0540297523,"3":0.0456552904,"4":0.0355539373,"5":0.031758929,"6":0.0276015472,"7":0.0226680207,"8":0.0223536531,"9":0.0200708056,"10":0.018009637,"11":0.015833214,"12":0.0130641091,"13":0.0130365649,"14":0.0116502456,"15":0.0109407862,"16":0.0099027292,"17":0.0086466284,"18":0.0082208354,"19":0.0066412386,"20":0.0058763767,"21":0.0052363785,"22":0.0051729141,"23":0.0043611627,"24":0.0031781437,"25":0.002770954,"26":0.00246676,"27":0.0020322693,"28":0.0018526098,"29":0.0013925059,"30":0.0012555668,"31":0.001121372,"32":0.0010147148,"33":0.0009032141,"34":0.0008756044}}