{"f1v7n2e20_loss":{"0":0.0740992059,"1":0.0494566231,"2":0.0430919521,"3":0.0375509647,"4":0.0346141228,"5":0.0315735496,"6":0.0296226304,"7":0.0270068826,"8":0.0258325559,"9":0.0240334153,"10":0.0230167675,"11":0.0211107677,"12":0.0201014552,"13":0.0195020055,"14":0.018649613,"15":0.0182085981,"16":0.0174462667,"17":0.0165643534,"18":0.0159463364,"19":0.0155118658},"f1v7n2e20val_loss":{"0":0.0091971266,"1":0.0033927734,"2":0.0013777524,"3":0.002014923,"4":0.0032540105,"5":0.0035685864,"6":0.0056443354,"7":0.0049920396,"8":0.0070083664,"9":0.0074453417,"10":0.0093497212,"11":0.0093597427,"12":0.0102299607,"13":0.0108100062,"14":0.011684621,"15":0.0141981467,"16":0.0106811513,"17":0.0141315084,"18":0.0127429874,"19":0.0142418549}}