{"f1v2n2e20_loss":{"0":0.2735179491,"1":0.2000357801,"2":0.1526461161,"3":0.1189629697,"4":0.0952134121,"5":0.0800711435,"6":0.0685835305,"7":0.060790026,"8":0.0562411967,"9":0.0509096777,"10":0.0478093791,"11":0.0443174868,"12":0.0408269466,"13":0.0381673913,"14":0.0344633456,"15":0.0312562181,"16":0.0289593123,"17":0.024491749,"18":0.0213517993,"19":0.0189201987},"f1v2n2e20val_loss":{"0":0.4288059587,"1":0.3332617204,"2":0.2570131413,"3":0.2003828901,"4":0.158786309,"5":0.1243131674,"6":0.0986505807,"7":0.0807440584,"8":0.06103106,"9":0.0537323371,"10":0.0408294548,"11":0.0311583122,"12":0.0272766356,"13":0.0212372634,"14":0.015510545,"15":0.0111556162,"16":0.0071318993,"17":0.0065115339,"18":0.0039971341,"19":0.0024003288}}