{"f5v1n2e20_loss":{"0":0.1611173262,"1":0.1335807129,"2":0.111501401,"3":0.0923288602,"4":0.0779146559,"5":0.0676945534,"6":0.0597489598,"7":0.0549317597,"8":0.0507121519,"9":0.0469639849,"10":0.0441975424,"11":0.0413689194,"12":0.03854373,"13":0.0356602293,"14":0.033034679,"15":0.0304026639,"16":0.027827439,"17":0.0258768973,"18":0.0227750896,"19":0.0205123518},"f5v1n2e20val_loss":{"0":0.2908857959,"1":0.2427394327,"2":0.1962810429,"3":0.1609775424,"4":0.1275096445,"5":0.0991789853,"6":0.0872590442,"7":0.065720889,"8":0.0527357266,"9":0.0474802266,"10":0.0390301873,"11":0.0350216444,"12":0.0319364624,"13":0.0285478796,"14":0.0245436331,"15":0.022596059,"16":0.0190374741,"17":0.0157750811,"18":0.0141429453,"19":0.0143254756}}