{"f5v1n2e20_loss":{"0":0.121501363,"1":0.1032482025,"2":0.0900827144,"3":0.0814399071,"4":0.0747185758,"5":0.0688903755,"6":0.0649039458,"7":0.0603037492,"8":0.0567720796,"9":0.0537763927,"10":0.0505605945,"11":0.048072938,"12":0.0449159344,"13":0.0426073825,"14":0.0397387358,"15":0.03665987,"16":0.0334912251,"17":0.03022679,"18":0.0267095099,"19":0.0234466893},"f5v1n2e20val_loss":{"0":0.2246720579,"1":0.1838391941,"2":0.1592948801,"3":0.1387344854,"4":0.1190600254,"5":0.1075403165,"6":0.0897863274,"7":0.0772333527,"8":0.0675938496,"9":0.0569970399,"10":0.048980919,"11":0.0406388148,"12":0.0362826689,"13":0.0339132338,"14":0.0262135424,"15":0.0256586102,"16":0.0191492084,"17":0.0191740429,"18":0.0146209769,"19":0.0159998099}}