{"f7v2n4e20_loss":{"0":0.0950839738,"1":0.0809954922,"2":0.0702891109,"3":0.0647276849,"4":0.0581034857,"5":0.0542890434,"6":0.0504615663,"7":0.0482055104,"8":0.0445862102,"9":0.0420001069,"10":0.040561039,"11":0.0374494151,"12":0.0355128918,"13":0.0339931277,"14":0.0321888228,"15":0.0302505686,"16":0.0287707645,"17":0.0269991156,"18":0.025695468,"19":0.0242460082},"f7v2n4e20val_loss":{"0":0.1161285001,"1":0.0870222956,"2":0.0678479235,"3":0.0490002154,"4":0.0422969343,"5":0.0323969706,"6":0.0259098369,"7":0.0220895743,"8":0.020739975,"9":0.0201722722,"10":0.0144047656,"11":0.0145989473,"12":0.0125365588,"13":0.0106845809,"14":0.0128419996,"15":0.0096664178,"16":0.0108412991,"17":0.0102132811,"18":0.0081423178,"19":0.0081711688}}