{"f7v1n4e20_loss":{"0":0.1498103824,"1":0.1080358874,"2":0.0837872578,"3":0.0694120212,"4":0.0610542239,"5":0.0538097405,"6":0.0498331303,"7":0.0463827157,"8":0.0412797918,"9":0.0364143266,"10":0.0329509835,"11":0.0305723747,"12":0.0257010652,"13":0.0230533131,"14":0.0200937671,"15":0.0182344811,"16":0.0162934734,"17":0.0144133573,"18":0.0138937803,"19":0.0121207426},"f7v1n4e20val_loss":{"0":0.2391903322,"1":0.1650898076,"2":0.1193398976,"3":0.0937885764,"4":0.0652321823,"5":0.0513610016,"6":0.0382195144,"7":0.0301915952,"8":0.0325794215,"9":0.0246910745,"10":0.0202247943,"11":0.0158718572,"12":0.0172344947,"13":0.0167087156,"14":0.0129736853,"15":0.0127941669,"16":0.0106552135,"17":0.0127746773,"18":0.0112867751,"19":0.0120078483}}