{"f1v1n2e20":{"0":7763.4135742188,"1":7514.7690429688,"2":7829.5581054688,"3":7889.9204101562,"4":7667.6518554688,"5":7656.3090820312,"6":7786.8540039062,"7":8182.5532226562,"8":8108.037109375,"9":8223.2705078125,"10":7916.701171875,"11":7657.2885742188,"12":7634.0278320312,"13":7711.6850585938,"14":7499.3959960938,"15":7149.4638671875,"16":7182.798828125,"17":7475.7045898438,"18":7497.341796875,"19":7355.6591796875,"20":7314.4990234375,"21":7064.8647460938,"22":7164.9965820312,"23":7147.4912109375,"24":7335.5908203125,"25":7231.7412109375,"26":6882.634765625,"27":6527.9013671875,"28":6607.0546875},"Y":{"0":8987.05,"1":9348.48,"2":9419.08,"3":9240.55,"4":9119.01,"5":9235.92,"6":9743.86,"7":9700.76,"8":9858.15,"9":9654.8,"10":9373.01,"11":9234.82,"12":9325.18,"13":9043.94,"14":8441.49,"15":8504.89,"16":8723.94,"17":8716.79,"18":8510.38,"19":8368.83,"20":8094.32,"21":8250.97,"22":8247.18,"23":8513.25,"24":8418.99,"25":8041.78,"26":7557.82,"27":7587.34,"28":7480.14}}