{"f1v1n2e20_loss":{"0":0.0751343001,"1":0.0671119569,"2":0.0602940246,"3":0.0546982914,"4":0.0509659322,"5":0.0456337435,"6":0.0418926607,"7":0.0381607797,"8":0.0342542504,"9":0.030617688,"10":0.0273264817,"11":0.0241194579,"12":0.0214374251,"13":0.0188668278,"14":0.0165117014,"15":0.0145807311,"16":0.012797096,"17":0.0112668064,"18":0.0099515368,"19":0.0088961922},"f1v1n2e20val_loss":{"0":0.1223103082,"1":0.1029878225,"2":0.0792905122,"3":0.0643801208,"4":0.053721512,"5":0.0441429125,"6":0.0425482219,"7":0.0279974362,"8":0.0243059407,"9":0.0239293996,"10":0.0230755586,"11":0.0163261701,"12":0.0138239402,"13":0.0125140337,"14":0.0125889083,"15":0.0113166902,"16":0.0107027387,"17":0.0084020608,"18":0.0074243804,"19":0.0084889243}}