{"f1v1n2e20_loss":{"0":0.1633700865,"1":0.1248030929,"2":0.1009558781,"3":0.0857840026,"4":0.0745197316,"5":0.0663169686,"6":0.0606013309,"7":0.0563757151,"8":0.0516902461,"9":0.0465214938,"10":0.0425181385,"11":0.0394114446,"12":0.03379217,"13":0.0298063737,"14":0.0256313062,"15":0.0215076588,"16":0.0175692583,"17":0.0144393337,"18":0.0112689023,"19":0.0089415093},"f1v1n2e20val_loss":{"0":0.311437806,"1":0.2482896659,"2":0.2058330061,"3":0.1719900852,"4":0.1448485789,"5":0.1283420654,"6":0.1093967069,"7":0.0900795581,"8":0.0742935354,"9":0.0627136275,"10":0.0525808437,"11":0.0407273249,"12":0.0347140103,"13":0.0305747794,"14":0.0209686091,"15":0.0185846454,"16":0.0144936179,"17":0.0111199403,"18":0.0083858704,"19":0.0076653819}}