{"f1v1n2e20_loss":{"0":0.2596856221,"1":0.181817017,"2":0.1287087191,"3":0.0851938003,"4":0.0605198579,"5":0.0420227106,"6":0.0321473953,"7":0.0256598312,"8":0.0226683863,"9":0.0193443839,"10":0.0169128612,"11":0.0150590369,"12":0.0133833785,"13":0.0118104462,"14":0.0104341755,"15":0.0092363832,"16":0.0081275001,"17":0.0073749442,"18":0.0065959326,"19":0.005920444},"f1v1n2e20val_loss":{"0":0.4328750199,"1":0.3242068361,"2":0.2181664509,"3":0.1561885237,"4":0.1011904584,"5":0.0663819833,"6":0.0428717935,"7":0.0334268344,"8":0.0199825291,"9":0.0153639398,"10":0.0137779434,"11":0.0106606004,"12":0.0082302237,"13":0.0069429768,"14":0.0062509626,"15":0.0053086665,"16":0.0057428282,"17":0.0047369952,"18":0.004435426,"19":0.004419048}}