{"f1v1n2e20_loss":{"0":0.0866691074,"1":0.0742900276,"2":0.0647700052,"3":0.0563028395,"4":0.0507693681,"5":0.0451869869,"6":0.0408361517,"7":0.0369709533,"8":0.0325598739,"9":0.0288354599,"10":0.0249848899,"11":0.0216249193,"12":0.0182557781,"13":0.0151872658,"14":0.0120773146,"15":0.0098586364,"16":0.0079081529,"17":0.0064956956,"18":0.0051884352,"19":0.0045107362},"f1v1n2e20val_loss":{"0":0.1695097544,"1":0.1366080948,"2":0.1027657999,"3":0.0829264443,"4":0.0672845366,"5":0.0557489914,"6":0.0452146814,"7":0.0367729786,"8":0.0316731776,"9":0.0261364736,"10":0.0268484022,"11":0.0190485046,"12":0.018921094,"13":0.0147831034,"14":0.0126980828,"15":0.0111273685,"16":0.0111406546,"17":0.0088142834,"18":0.0093142306,"19":0.0082495322}}