{"f7v2n2e20_loss":{"0":0.1668543511,"1":0.1363622177,"2":0.1204574708,"3":0.1072294656,"4":0.0959727085,"5":0.0860643837,"6":0.0769593602,"7":0.0712858661,"8":0.0604452068,"9":0.0528121923,"10":0.0455264349,"11":0.0390076684,"12":0.0331682833,"13":0.0294770957,"14":0.0241164823,"15":0.0207181813,"16":0.0180921519,"17":0.0157358221,"18":0.0142652984,"19":0.0125871231},"f7v2n2e20val_loss":{"0":0.2666235222,"1":0.2113827474,"2":0.1605687386,"3":0.1261295395,"4":0.106608078,"5":0.0938539859,"6":0.0791231623,"7":0.0557049046,"8":0.042159953,"9":0.0315251887,"10":0.0268748411,"11":0.018770289,"12":0.0141419241,"13":0.0079674566,"14":0.0078941744,"15":0.0062587306,"16":0.0062122182,"17":0.0066766633,"18":0.0076648123,"19":0.0083050818}}