{"bitcoin": {"RMSE": 500.1889991028144, "MinimoPrecio": 5474.89892578125, "MaximoPrecio": 6584.5166015625, "Performance": -539.033447265625, "Volatilidad": 515.8030488996876, "VolatilidadRelativa": 92.96950835548388, "RMSEHW": 2687.4866430026236}, "ethereum": {"RMSE": 28.834454912999934, "MinimoPrecio": 245.43917846679688, "MaximoPrecio": 300.52642822265625, "Performance": -27.543624877929688, "Volatilidad": 22.505054298867254, "VolatilidadRelativa": 81.70694452384963, "RMSEHW": 148.79856371127138}, "ripple": {"RMSE": 0.055534688732142394, "MinimoPrecio": 0.28514406085014343, "MaximoPrecio": 0.32998883724212646, "Performance": 0.019141942262649536, "Volatilidad": 0.01977584128307318, "VolatilidadRelativa": 88.19685534928226, "RMSEHW": 0.17455419502911665}, "bitcoin-cash": {"RMSE": 108.9210885491567, "MinimoPrecio": 482.56268310546875, "MaximoPrecio": 713.5812377929688, "Performance": 6.070953369140625, "Volatilidad": 106.15710868887197, "VolatilidadRelativa": 91.90353461649109, "RMSEHW": 384.0123260340302}, "General": {"MaxPerformance": {"Moneda": "bitcoin-cash", "Performance": 6.070953369140625}, "MinPerformance": {"Moneda": "bitcoin", "Performance": -539.033447265625}, "MaxVolatilidad": {"Moneda": "bitcoin", "Volatilidad": 515.8030488996876}, "MinVolatilidad": {"Moneda": "ripple", "Volatilidad": 0.01977584128307318}}}