{"f2v5n2e20_loss":{"0":0.0391460682,"1":0.0314683973,"2":0.0238923397,"3":0.0208278526,"4":0.0164538775,"5":0.0139909877,"6":0.011770993,"7":0.0105421161,"8":0.0092888193,"9":0.0085261356,"10":0.0080036163,"11":0.0071044781,"12":0.0065364019,"13":0.0062379392,"14":0.0057871465,"15":0.0057152731,"16":0.005262139,"17":0.0048888723,"18":0.0046859629,"19":0.004529915},"f2v5n2e20val_loss":{"0":0.0621671687,"1":0.0363611978,"2":0.0395449684,"3":0.0262580633,"4":0.0272674981,"5":0.0175348642,"6":0.016530805,"7":0.0149088178,"8":0.0146218711,"9":0.012848705,"10":0.0125893582,"11":0.0104015573,"12":0.0105182768,"13":0.0091158356,"14":0.0092457058,"15":0.0096981459,"16":0.009038485,"17":0.0090050146,"18":0.0088887102,"19":0.0086873832}}