{"f2v5n2e20_loss":{"0":0.1132889511,"1":0.0924139003,"2":0.0759288589,"3":0.0669702695,"4":0.0590188509,"5":0.0517433107,"6":0.0474726129,"7":0.0441454445,"8":0.0401469793,"9":0.0363835266,"10":0.0336447236,"11":0.0310098894,"12":0.0292182322,"13":0.0265565895,"14":0.0244845613,"15":0.0222508248,"16":0.0205027937,"17":0.0186497492,"18":0.0170570936,"19":0.0158531741},"f2v5n2e20val_loss":{"0":0.1716913744,"1":0.1030363053,"2":0.0723912393,"3":0.0479593655,"4":0.0343892505,"5":0.0333688943,"6":0.0338999823,"7":0.0223134719,"8":0.0265365293,"9":0.0208545144,"10":0.0195090183,"11":0.0159381241,"12":0.0143843393,"13":0.0157259431,"14":0.0134653405,"15":0.0139152869,"16":0.0121828926,"17":0.012433773,"18":0.0119173124,"19":0.0081224387}}