{"f7v1n2e20_loss":{"0":0.1362835469,"1":0.0965243074,"2":0.0715550615,"3":0.0513789343,"4":0.0375301414,"5":0.028281223,"6":0.0216710106,"7":0.0184132984,"8":0.0160863038,"9":0.0143810098,"10":0.0135961492,"11":0.0131965233,"12":0.012255102,"13":0.0118030373,"14":0.0114857433,"15":0.0109820543,"16":0.010609865,"17":0.0102916665,"18":0.0100750617,"19":0.0096613778},"f7v1n2e20val_loss":{"0":0.2369824515,"1":0.1716644662,"2":0.1244878318,"3":0.0885513707,"4":0.0600555718,"5":0.0379715118,"6":0.026694907,"7":0.0177877938,"8":0.0134642857,"9":0.0124142452,"10":0.011805517,"11":0.0102088588,"12":0.0102238087,"13":0.0103492083,"14":0.0099870596,"15":0.010538932,"16":0.0101453565,"17":0.009762403,"18":0.0096567209,"19":0.0103185869}}