{"f5v7n4e20_loss":{"0":0.244492842,"1":0.1307606524,"2":0.0815548721,"3":0.0527993517,"4":0.0351280704,"5":0.021354876,"6":0.0159970963,"7":0.0112273792,"8":0.0092854963,"9":0.008822813,"10":0.0081509554,"11":0.0074939892,"12":0.0069841367,"13":0.006598217,"14":0.0065781884,"15":0.0065377686,"16":0.0068101147,"17":0.005854559,"18":0.005586755,"19":0.0058576102},"f5v7n4e20val_loss":{"0":0.3091041236,"1":0.2030091919,"2":0.1812824923,"3":0.1052190818,"4":0.0468887212,"5":0.0411797289,"6":0.0254088489,"7":0.0203408682,"8":0.0122752619,"9":0.0122292482,"10":0.0089607872,"11":0.012157642,"12":0.0084187283,"13":0.010749124,"14":0.0092026715,"15":0.0079713011,"16":0.0083650968,"17":0.0111499048,"18":0.0101162226,"19":0.0072688236}}