{"f2v7n4e20_loss":{"0":0.2125709703,"1":0.1022195629,"2":0.0590399447,"3":0.0405867828,"4":0.0348235949,"5":0.0316221953,"6":0.0248320025,"7":0.0204107518,"8":0.0165017481,"9":0.0123345067,"10":0.0097095055,"11":0.0077885784,"12":0.0070251565,"13":0.0054239323,"14":0.0052842999,"15":0.0047325994,"16":0.0043287393,"17":0.00444129,"18":0.0041062978,"19":0.0038107347},"f2v7n4e20val_loss":{"0":0.2848708558,"1":0.1359505589,"2":0.0488950095,"3":0.0261498546,"4":0.0195419478,"5":0.0101550394,"6":0.0112110952,"7":0.0094636752,"8":0.0061670583,"9":0.0059109723,"10":0.0042532662,"11":0.0049902891,"12":0.0040736264,"13":0.004726837,"14":0.0048065784,"15":0.0045464029,"16":0.0046378064,"17":0.0049751703,"18":0.004791735,"19":0.00481752}}