{"f1v1n4e20_loss":{"0":0.08404834,"1":0.0717940626,"2":0.0637708404,"3":0.0588734558,"4":0.0530108954,"5":0.0494934688,"6":0.0448087726,"7":0.0431251531,"8":0.0369285394,"9":0.0337006211,"10":0.0306438014,"11":0.0270593673,"12":0.0242636046,"13":0.021377047,"14":0.018640468,"15":0.0158403498,"16":0.0142730578,"17":0.0115915247,"18":0.0100826158,"19":0.0083359907},"f1v1n4e20val_loss":{"0":0.1582417406,"1":0.1221439285,"2":0.1063714402,"3":0.0814996513,"4":0.0745621957,"5":0.0584621836,"6":0.0618813357,"7":0.0440300094,"8":0.0443782972,"9":0.040171696,"10":0.0315497953,"11":0.0291883897,"12":0.0260335602,"13":0.0216827203,"14":0.0181516088,"15":0.0181318484,"16":0.0122614323,"17":0.0104467792,"18":0.0092063857,"19":0.0084856706}}