{"f5v5n2e20_loss":{"0":0.078936065,"1":0.0687371446,"2":0.0613077318,"3":0.0549105527,"4":0.0490261833,"5":0.0430906941,"6":0.0384064155,"7":0.0327280242,"8":0.0283406631,"9":0.0244436034,"10":0.0205497943,"11":0.0175385799,"12":0.0147948805,"13":0.0132970358,"14":0.0107893643,"15":0.0092115442,"16":0.0084078801,"17":0.0071678362,"18":0.0066536376,"19":0.0059023279},"f5v5n2e20val_loss":{"0":0.1035356835,"1":0.0774474338,"2":0.0610609909,"3":0.0451444013,"4":0.03401737,"5":0.0285985888,"6":0.0217179621,"7":0.0212499134,"8":0.0146782834,"9":0.0152871299,"10":0.0106777836,"11":0.0088075784,"12":0.009087067,"13":0.0088521583,"14":0.0095131604,"15":0.0097943103,"16":0.0110989861,"17":0.0113840468,"18":0.0126963869,"19":0.012789643}}