{"f1v2n2e20_loss":{"0":0.2720203543,"1":0.1938158873,"2":0.1422748264,"3":0.1042950706,"4":0.0853134362,"5":0.0706473217,"6":0.0635393621,"7":0.058070489,"8":0.0546269457,"9":0.0500470631,"10":0.0466436241,"11":0.0435076166,"12":0.0400205973,"13":0.0355590161,"14":0.0316796106,"15":0.0280371164,"16":0.0248751125,"17":0.0206442809,"18":0.0172373712,"19":0.0145086817},"f1v2n2e20val_loss":{"0":0.4237783275,"1":0.3284968173,"2":0.2411881845,"3":0.1859248158,"4":0.1392370766,"5":0.1145689652,"6":0.0924942205,"7":0.0775526569,"8":0.0631943082,"9":0.0561718233,"10":0.0502386821,"11":0.042671486,"12":0.0323460711,"13":0.0284756901,"14":0.0263781615,"15":0.0200113803,"16":0.012108357,"17":0.0114765095,"18":0.0089828171,"19":0.0051265448}}