{"f1v2n2e20_loss":{"0":0.1103134477,"1":0.0760618706,"2":0.0549970091,"3":0.0428627014,"4":0.036935306,"5":0.032377058,"6":0.0286538329,"7":0.0254567236,"8":0.0227601622,"9":0.0199483029,"10":0.0175169661,"11":0.0161005678,"12":0.0139915169,"13":0.0127333579,"14":0.0115056454,"15":0.010474464,"16":0.0096521705,"17":0.0091063925,"18":0.0084929469,"19":0.008122131},"f1v2n2e20val_loss":{"0":0.1381662643,"1":0.0788392555,"2":0.044433204,"3":0.0291662976,"4":0.0141539088,"5":0.0090454261,"6":0.0059215946,"7":0.0047446931,"8":0.0028271568,"9":0.0023076125,"10":0.002266856,"11":0.001530401,"12":0.0017920944,"13":0.0021174674,"14":0.002272214,"15":0.0028194952,"16":0.0030574205,"17":0.0036283779,"18":0.0037943698,"19":0.003857851}}