{"f1v2n2e20_loss":{"0":0.1978051942,"1":0.1382412132,"2":0.1097030576,"3":0.0909891964,"4":0.0813261503,"5":0.0745495701,"6":0.0669499568,"7":0.0618370845,"8":0.0584582578,"9":0.0539008819,"10":0.0501992195,"11":0.0472413102,"12":0.044353757,"13":0.0426787773,"14":0.0391043652,"15":0.0375324757,"16":0.0349801572,"17":0.0331620902,"18":0.0318496234,"19":0.0296817132},"f1v2n2e20val_loss":{"0":0.2094912261,"1":0.1316194971,"2":0.0799284739,"3":0.0501239337,"4":0.0321102767,"5":0.0220762379,"6":0.0192301516,"7":0.0172600979,"8":0.0117100158,"9":0.0106125466,"10":0.0083277184,"11":0.0075048138,"12":0.0066413131,"13":0.007959237,"14":0.0060977401,"15":0.0048626938,"16":0.0047950136,"17":0.0050589627,"18":0.0049218741,"19":0.004974721}}