{"columns":["Prediccion","holtwinters"],"index":[1535760000000,1535846400000,1535932800000],"data":[[6584.5166015625,6547.0421835452],[5474.8989257812,6622.4344571877],[5506.4497070312,6639.0569257606]]}