{"f7v2n2e35_loss":{"0":0.1380819573,"1":0.1246464966,"2":0.1147271461,"3":0.1066068521,"4":0.0996045556,"5":0.0957066977,"6":0.0901225846,"7":0.0869657506,"8":0.0840957886,"9":0.0816560625,"10":0.0796834528,"11":0.0780216822,"12":0.0767639916,"13":0.0754129048,"14":0.0744668025,"15":0.0734551888,"16":0.0728051215,"17":0.0719219342,"18":0.0712256693,"19":0.0704916726,"20":0.0698508589,"21":0.0693416653,"22":0.0686176982,"23":0.0681126099,"24":0.0675747712,"25":0.0672320183,"26":0.0664219835,"27":0.0658627138,"28":0.0653165835,"29":0.0646508675,"30":0.0637289038,"31":0.0628941614,"32":0.0619699859,"33":0.0609537518,"34":0.0597667328},"f7v2n2e35val_loss":{"0":0.2506306116,"1":0.2238238505,"2":0.200324334,"3":0.181681339,"4":0.1696628419,"5":0.1522717403,"6":0.1422932601,"7":0.1313708598,"8":0.1220678177,"9":0.1151738394,"10":0.1083699982,"11":0.1037154554,"12":0.0979182499,"13":0.0940662271,"14":0.0912681276,"15":0.0876404727,"16":0.0829482641,"17":0.0808254282,"18":0.0791661575,"19":0.0764047064,"20":0.0750029131,"21":0.0740936106,"22":0.0715288223,"23":0.0700620165,"24":0.0693104474,"25":0.0667285607,"26":0.0659909413,"27":0.0662445872,"28":0.0632830971,"29":0.0619609979,"30":0.0612175495,"31":0.0611186063,"32":0.0590459465,"33":0.0575408974,"34":0.0553056493}}