{"f5v2n2e20_loss":{"0":0.047574137,"1":0.041592998,"2":0.0357399778,"3":0.0312533808,"4":0.0284903131,"5":0.0225427685,"6":0.0192988907,"7":0.0158615602,"8":0.0132488391,"9":0.0105044087,"10":0.0088078148,"11":0.0073346139,"12":0.0063149747,"13":0.0054804597,"14":0.0050728219,"15":0.004597288,"16":0.0043393966,"17":0.004207586,"18":0.004120199,"19":0.0038837766},"f5v2n2e20val_loss":{"0":0.0591971551,"1":0.044114278,"2":0.034833302,"3":0.0300341951,"4":0.0214093014,"5":0.0170728928,"6":0.0125681593,"7":0.0085569243,"8":0.0072400837,"9":0.0050659234,"10":0.0041929633,"11":0.0036586827,"12":0.0034421117,"13":0.0037148448,"14":0.0039033696,"15":0.0039876331,"16":0.0044350414,"17":0.0043654412,"18":0.0047268665,"19":0.0047528543}}