{"f5v2n2e20_loss":{"0":0.1757830528,"1":0.1406262467,"2":0.1191278115,"3":0.1007096892,"4":0.0903268571,"5":0.0799894661,"6":0.073028183,"7":0.0671879992,"8":0.0632050856,"9":0.0582749487,"10":0.0542697995,"11":0.0506448727,"12":0.0478689018,"13":0.0432068705,"14":0.0398001581,"15":0.0361040529,"16":0.0324536791,"17":0.0295536359,"18":0.0269125863,"19":0.023999864},"f5v2n2e20val_loss":{"0":0.3607936654,"1":0.2947078674,"2":0.2365929427,"3":0.1988687037,"4":0.1644796113,"5":0.1397893812,"6":0.1218513884,"7":0.1098072278,"8":0.0916778717,"9":0.0830044291,"10":0.0738323961,"11":0.0668365842,"12":0.0567109732,"13":0.0527055667,"14":0.0473533207,"15":0.0444335259,"16":0.0413897348,"17":0.0379369816,"18":0.0349327195,"19":0.0338578753}}