{"f2v5n4e20_loss":{"0":0.015815759,"1":0.0060422141,"2":0.0043509143,"3":0.0041231249,"4":0.0037439258,"5":0.0029445315,"6":0.0025615918,"7":0.0024053563,"8":0.0022337257,"9":0.002529156,"10":0.0022240284,"11":0.0019604053,"12":0.0020459779,"13":0.0018955745,"14":0.0019541806,"15":0.0020005912,"16":0.0019967162,"17":0.0017436625,"18":0.0018803762,"19":0.0017210429},"f2v5n4e20val_loss":{"0":0.002605794,"1":0.0035676997,"2":0.0035796279,"3":0.0030084652,"4":0.0027133945,"5":0.0038463426,"6":0.0034402941,"7":0.0053853774,"8":0.0047250132,"9":0.0052160371,"10":0.0056846489,"11":0.0036065919,"12":0.0060246856,"13":0.0043450509,"14":0.0051073616,"15":0.005013062,"16":0.0053755897,"17":0.0041717432,"18":0.0051553579,"19":0.0056696398}}