{"f2v5n4e20_loss":{"0":0.0512314264,"1":0.009753109,"2":0.0083208232,"3":0.0062763152,"4":0.005669923,"5":0.0052328334,"6":0.0052189452,"7":0.0047321725,"8":0.0049567846,"9":0.0043700388,"10":0.0041629056,"11":0.0036125547,"12":0.0036473549,"13":0.0034746364,"14":0.0032064856,"15":0.0030388911,"16":0.002937975,"17":0.0028536173,"18":0.0031706224,"19":0.0025807229},"f2v5n4e20val_loss":{"0":0.0149063003,"1":0.0038652091,"2":0.0042595531,"3":0.0069018201,"4":0.0067071705,"5":0.0052935082,"6":0.0060720743,"7":0.0052284589,"8":0.0049837305,"9":0.0052628102,"10":0.0051375441,"11":0.0047924723,"12":0.0045704188,"13":0.0046411426,"14":0.0045341392,"15":0.0040294769,"16":0.0042650006,"17":0.0036485968,"18":0.0045184566,"19":0.0042619201}}