{"f5v7n2e20_loss":{"0":0.143813508,"1":0.0929042068,"2":0.0664468174,"3":0.0547844248,"4":0.0465123847,"5":0.0412389875,"6":0.0369685452,"7":0.0341381306,"8":0.0304651648,"9":0.0284627396,"10":0.0258499235,"11":0.0240390761,"12":0.0223903968,"13":0.0207419863,"14":0.0194972474,"15":0.018207142,"16":0.0175556545,"17":0.0160831897,"18":0.0148123662,"19":0.0138431278},"f5v7n2e20val_loss":{"0":0.1953283644,"1":0.0976595021,"2":0.0470234795,"3":0.0258257768,"4":0.015008609,"5":0.008663347,"6":0.0086979453,"7":0.0054792922,"8":0.0053570721,"9":0.0053588397,"10":0.0055609672,"11":0.0059058398,"12":0.0064082562,"13":0.0068180539,"14":0.0078689194,"15":0.0083313217,"16":0.008096908,"17":0.011006763,"18":0.0106872336,"19":0.0116885544}}