{"RMSE":{"f1":108.9210885492,"f2":78.1106850646,"f3":138.0275174976}}