Simulacion,RMSE
f1,108.9210885491567
f2,78.11068506464345
f3,138.02751749757587
