{"f7v2n2e20_loss":{"0":0.0447604999,"1":0.0244618785,"2":0.0205479854,"3":0.0180568474,"4":0.0172551873,"5":0.0166025363,"6":0.0160521462,"7":0.0157965467,"8":0.015137841,"9":0.0145773054,"10":0.0139469842,"11":0.0140246421,"12":0.0136192393,"13":0.0134640762,"14":0.0129965415,"15":0.0127963588,"16":0.0124965797,"17":0.0123891891,"18":0.0120757167,"19":0.0121073689},"f7v2n2e20val_loss":{"0":0.0151739159,"1":0.006172201,"2":0.0065714417,"3":0.007845317,"4":0.0086246766,"5":0.0103094127,"6":0.0108231523,"7":0.0090223391,"8":0.0123278033,"9":0.0132695862,"10":0.0124889105,"11":0.0117752313,"12":0.0140573076,"13":0.0149893553,"14":0.0141854294,"15":0.0156507908,"16":0.0160852153,"17":0.0143510579,"18":0.0134892733,"19":0.0159134113}}