{"f7v2n2e20_loss":{"0":0.2050660427,"1":0.1451925416,"2":0.1117652853,"3":0.0930350147,"4":0.0800603366,"5":0.0724965161,"6":0.066251367,"7":0.0619202721,"8":0.0585646701,"9":0.0547477423,"10":0.0515576985,"11":0.0491766621,"12":0.0456469034,"13":0.0427979316,"14":0.0399311298,"15":0.0375189963,"16":0.0344699949,"17":0.0326634762,"18":0.0298436382,"19":0.0282529118},"f7v2n2e20val_loss":{"0":0.322830554,"1":0.231907058,"2":0.1716973221,"3":0.1291655649,"4":0.1030011854,"5":0.0820934229,"6":0.068892963,"7":0.0556757571,"8":0.0469282319,"9":0.0379454457,"10":0.0325525432,"11":0.0300516994,"12":0.0267838986,"13":0.0175309752,"14":0.0142725659,"15":0.0156523553,"16":0.0125617879,"17":0.0084386649,"18":0.0084326172,"19":0.010162753}}