{"f1v2n4e20_loss":{"0":0.0595867756,"1":0.0477448403,"2":0.0383783459,"3":0.0300784338,"4":0.0236263752,"5":0.0172398613,"6":0.0109541787,"7":0.0090993665,"8":0.0059316964,"9":0.0051367113,"10":0.0041281056,"11":0.0040224232,"12":0.0037158018,"13":0.0036687995,"14":0.0034451898,"15":0.0032420772,"16":0.0032160548,"17":0.003109988,"18":0.0029282092,"19":0.0028928866},"f1v2n4e20val_loss":{"0":0.0975695788,"1":0.0656464179,"2":0.0431385687,"3":0.0318033107,"4":0.0203816979,"5":0.0202781921,"6":0.0084136938,"7":0.0062047277,"8":0.0101197125,"9":0.0046820676,"10":0.0047338308,"11":0.0046228686,"12":0.0042824153,"13":0.0051379478,"14":0.0042359841,"15":0.0041047602,"16":0.0040487436,"17":0.0044423896,"18":0.0042625193,"19":0.0038625458}}