{"f7v5n4e20_loss":{"0":0.1691085716,"1":0.1070678876,"2":0.080280236,"3":0.0701694653,"4":0.0569891282,"5":0.0493967017,"6":0.0402785592,"7":0.0331404502,"8":0.0266295217,"9":0.0214460743,"10":0.0168530545,"11":0.0143726082,"12":0.0127194539,"13":0.0118296148,"14":0.0114989423,"15":0.0105737428,"16":0.0099762183,"17":0.0096848562,"18":0.0093513894,"19":0.0090203193},"f7v5n4e20val_loss":{"0":0.2117400878,"1":0.1235643909,"2":0.0734787498,"3":0.0396626916,"4":0.0306322514,"5":0.0185662523,"6":0.0143810848,"7":0.0090024079,"8":0.0062656883,"9":0.0071791293,"10":0.0102475634,"11":0.0136132865,"12":0.0166982182,"13":0.0176186439,"14":0.0187701455,"15":0.0228413495,"16":0.0218239198,"17":0.0206053085,"18":0.0209702952,"19":0.0192490649}}