{"f5v2n4e20_loss":{"0":0.0682662661,"1":0.056442797,"2":0.0490483083,"3":0.0426216669,"4":0.0377736026,"5":0.0303617595,"6":0.025198415,"7":0.0199199101,"8":0.0158871115,"9":0.0115196473,"10":0.0089959535,"11":0.0071544926,"12":0.0057227167,"13":0.0048667182,"14":0.0045052719,"15":0.0040736728,"16":0.0041843464,"17":0.0041881683,"18":0.0035883703,"19":0.0037020088},"f5v2n4e20val_loss":{"0":0.0809839554,"1":0.0559689385,"2":0.0366764287,"3":0.0282368601,"4":0.0194474987,"5":0.0156661034,"6":0.0113046003,"7":0.0074636121,"8":0.0060520752,"9":0.0038044851,"10":0.0041293375,"11":0.004763429,"12":0.0058978041,"13":0.0065053415,"14":0.0074809388,"15":0.0072756347,"16":0.0071352711,"17":0.0084840512,"18":0.0070817239,"19":0.0071894722}}