{"f2v7n2e20_loss":{"0":0.07177798,"1":0.0627972783,"2":0.0535336141,"3":0.0444304144,"4":0.0360481221,"5":0.0275006039,"6":0.0186621182,"7":0.0127873491,"8":0.0095156996,"9":0.0081958377,"10":0.0073362827,"11":0.0066146093,"12":0.006241016,"13":0.0061220039,"14":0.0059648986,"15":0.0055637913,"16":0.0053086455,"17":0.006112392,"18":0.0051688065,"19":0.0048379311},"f2v7n2e20val_loss":{"0":0.0315324192,"1":0.0268170314,"2":0.0200591603,"3":0.0124157962,"4":0.0045432112,"5":0.0028461649,"6":0.0048898453,"7":0.0106965324,"8":0.0133070526,"9":0.0175000094,"10":0.022371365,"11":0.0271340667,"12":0.0262179756,"13":0.0248551459,"14":0.0215257748,"15":0.0289063862,"16":0.0320227261,"17":0.0275782064,"18":0.0281688163,"19":0.0260126922}}