{"f2v7n2e20_loss":{"0":0.1800250655,"1":0.0861181187,"2":0.0431374729,"3":0.0257613014,"4":0.0203536269,"5":0.0171559214,"6":0.0156333273,"7":0.0141527887,"8":0.0133232812,"9":0.0123263323,"10":0.011616343,"11":0.0111205706,"12":0.0103078647,"13":0.0098207178,"14":0.0100857098,"15":0.0094588711,"16":0.0088735821,"17":0.0086641606,"18":0.0083311301,"19":0.0079257917},"f2v7n2e20val_loss":{"0":0.2157644352,"1":0.0821123684,"2":0.0292348053,"3":0.0108796525,"4":0.0053610503,"5":0.0033410955,"6":0.0032937352,"7":0.0027871807,"8":0.0028028528,"9":0.002818429,"10":0.0028483677,"11":0.0029872231,"12":0.003015788,"13":0.0030887737,"14":0.0032364144,"15":0.0036492363,"16":0.0035651161,"17":0.0032661499,"18":0.0038618744,"19":0.0038914066}}