{"f2v7n4e20_loss":{"0":0.1003286849,"1":0.0727276529,"2":0.0542861373,"3":0.0358956106,"4":0.0216369321,"5":0.0143415962,"6":0.0101131468,"7":0.0090502459,"8":0.0085731502,"9":0.0077858507,"10":0.0071970907,"11":0.0065657216,"12":0.0062791085,"13":0.0057925828,"14":0.0058771894,"15":0.0048645516,"16":0.0045280697,"17":0.0042948985,"18":0.0041153121,"19":0.0036430804},"f2v7n4e20val_loss":{"0":0.0442699644,"1":0.0221545451,"2":0.0148480025,"3":0.0014825441,"4":0.0035615669,"5":0.0078227462,"6":0.0121399259,"7":0.0118822624,"8":0.0127979636,"9":0.0121396351,"10":0.0136991817,"11":0.0130838745,"12":0.0112778847,"13":0.0102929958,"14":0.0099029987,"15":0.0088335761,"16":0.0068482229,"17":0.0083255114,"18":0.0066818558,"19":0.0071099138}}