{"f7v7n2e35_loss":{"0":0.0972626858,"1":0.0882544431,"2":0.0799696392,"3":0.0731453735,"4":0.0667797211,"5":0.063412301,"6":0.058923609,"7":0.0559687401,"8":0.0531497644,"9":0.0512272151,"10":0.0502264331,"11":0.0481813049,"12":0.0465633372,"13":0.0449595968,"14":0.0435163839,"15":0.0417000007,"16":0.0400924006,"17":0.038170589,"18":0.0361785041,"19":0.0345674939,"20":0.0318320014,"21":0.0297201526,"22":0.0273261689,"23":0.0250848379,"24":0.0230641461,"25":0.0203919787,"26":0.0180730822,"27":0.016083095,"28":0.0140517135,"29":0.0122899625,"30":0.0107436044,"31":0.0093378029,"32":0.0083127379,"33":0.0071617231,"34":0.0064174299},"f7v7n2e35val_loss":{"0":0.1608363113,"1":0.1430474355,"2":0.1265335898,"3":0.1075379475,"4":0.0945852296,"5":0.0795560142,"6":0.0706721174,"7":0.0622123935,"8":0.0544095505,"9":0.0481063633,"10":0.0396310953,"11":0.0392264328,"12":0.0328277722,"13":0.029982646,"14":0.0297502577,"15":0.0260673962,"16":0.0256058271,"17":0.0207738684,"18":0.0212411951,"19":0.0174397336,"20":0.0160422186,"21":0.0142742358,"22":0.0124524988,"23":0.0135802686,"24":0.010532446,"25":0.0088091508,"26":0.0077726471,"27":0.0073779947,"28":0.0060498303,"29":0.0056797782,"30":0.0054297962,"31":0.0056726987,"32":0.0057051478,"33":0.0059875605,"34":0.0066083948}}