{"f7v1n2e20_loss":{"0":0.1160514266,"1":0.095080382,"2":0.0832796321,"3":0.0748100557,"4":0.0672862597,"5":0.0594366347,"6":0.0526520518,"7":0.0437385075,"8":0.0365407987,"9":0.0303281375,"10":0.0243977423,"11":0.0195143689,"12":0.0156971606,"13":0.0128643157,"14":0.0111308387,"15":0.0095749882,"16":0.0088443344,"17":0.0086018218,"18":0.0077792974,"19":0.0077321196},"f7v1n2e20val_loss":{"0":0.1824418538,"1":0.1420884034,"2":0.1154413341,"3":0.0934061312,"4":0.0769753554,"5":0.0602740797,"6":0.0402338314,"7":0.0296817143,"8":0.0186405098,"9":0.0105196597,"10":0.0071603107,"11":0.0056942693,"12":0.0047681111,"13":0.0049454979,"14":0.0055444051,"15":0.0069234531,"16":0.0075919155,"17":0.0089923679,"18":0.0085100325,"19":0.0084004039}}