{"f7v1n2e20_loss":{"0":0.0765358844,"1":0.0538547641,"2":0.0447320418,"3":0.0350195537,"4":0.0309866692,"5":0.0276746028,"6":0.0245893906,"7":0.0220455212,"8":0.0200202616,"9":0.0181045692,"10":0.0165868758,"11":0.0153008275,"12":0.0142266946,"13":0.0134485552,"14":0.0127815143,"15":0.0121912307,"16":0.0116808935,"17":0.0113997634,"18":0.0113386469,"19":0.0109063745},"f7v1n2e20val_loss":{"0":0.1342991802,"1":0.0902843379,"2":0.0560451568,"3":0.0435859724,"4":0.0375958025,"5":0.0285256069,"6":0.0233113848,"7":0.0216470943,"8":0.0202435717,"9":0.0171192446,"10":0.0173946872,"11":0.0158177794,"12":0.0171820339,"13":0.0160147807,"14":0.0165345782,"15":0.0161822361,"16":0.0168530954,"17":0.0170908253,"18":0.0173554933,"19":0.0171339775}}