{"f1v5n4e20_loss":{"0":0.3886586398,"1":0.2061187586,"2":0.1109159028,"3":0.0650480574,"4":0.0433900334,"5":0.0370637065,"6":0.0291527461,"7":0.0248212353,"8":0.0216232447,"9":0.0187176346,"10":0.0163250287,"11":0.0146614582,"12":0.0135973011,"13":0.0125721698,"14":0.011351773,"15":0.0108208942,"16":0.0102973386,"17":0.0095797883,"18":0.0092695836,"19":0.0092876274},"f1v5n4e20val_loss":{"0":0.3940607064,"1":0.1955066687,"2":0.0909410699,"3":0.0380135015,"4":0.0154524725,"5":0.0025959024,"6":0.0023217525,"7":0.0013393697,"8":0.0021890531,"9":0.0033086889,"10":0.0050177341,"11":0.006158359,"12":0.0086454491,"13":0.0115489269,"14":0.0116248181,"15":0.0131886174,"16":0.0143701556,"17":0.0145716004,"18":0.012914591,"19":0.0116811117}}