Simulacion,RMSE
f1,28.834454912999934
f2,36.14285103396702
f3,63.155012650660325
