{"RMSE":{"f1":28.834454913,"f2":36.142851034,"f3":63.1550126507}}