{"f2v1n2e35_loss":{"0":0.1123370805,"1":0.1016565126,"2":0.0939237472,"3":0.0870090262,"4":0.0820500091,"5":0.0781449627,"6":0.0746519585,"7":0.071933389,"8":0.0696112101,"9":0.0679426561,"10":0.0663644711,"11":0.0648955578,"12":0.0639634996,"13":0.0629423984,"14":0.0620371424,"15":0.0611277419,"16":0.0604759028,"17":0.0596884166,"18":0.0592099111,"19":0.0583689061,"20":0.0577809683,"21":0.0572403145,"22":0.0565717205,"23":0.0560558396,"24":0.0552967507,"25":0.0548249151,"26":0.0539830148,"27":0.0534719336,"28":0.0527771265,"29":0.0519176958,"30":0.0513437064,"31":0.0507472954,"32":0.0498651096,"33":0.0492833236,"34":0.048519759},"f2v1n2e35val_loss":{"0":0.2145210512,"1":0.1937711933,"2":0.1733201154,"3":0.1589463953,"4":0.145312674,"5":0.1324980263,"6":0.1235994406,"7":0.114724721,"8":0.1083844096,"9":0.0994953409,"10":0.0930603811,"11":0.0890720938,"12":0.0837991691,"13":0.0812970953,"14":0.0780070608,"15":0.0730451916,"16":0.0713403133,"17":0.0677465055,"18":0.0643465493,"19":0.0633406564,"20":0.061646358,"21":0.0589594801,"22":0.057107995,"23":0.055206378,"24":0.0551977945,"25":0.0524851568,"26":0.0518504355,"27":0.0531161571,"28":0.0499795465,"29":0.0491269906,"30":0.0492052356,"31":0.045934701,"32":0.0450805732,"33":0.043494888,"34":0.0434957138}}