{"f7v5n2e20_loss":{"0":0.0690991413,"1":0.0597358124,"2":0.0509649958,"3":0.0441889412,"4":0.0367053285,"5":0.0306914497,"6":0.0244713602,"7":0.0201765321,"8":0.016295803,"9":0.0133023377,"10":0.0113448878,"11":0.0096370907,"12":0.0082698944,"13":0.0072841765,"14":0.0067560554,"15":0.0063390003,"16":0.0058096005,"17":0.0055625594,"18":0.00548757,"19":0.0053281403},"f7v5n2e20val_loss":{"0":0.0768371651,"1":0.0526821885,"2":0.0390853224,"3":0.0260335396,"4":0.01834171,"5":0.0107166841,"6":0.007908275,"7":0.0051416844,"8":0.0046456309,"9":0.0047904557,"10":0.0060086903,"11":0.0081688855,"12":0.0098998704,"13":0.0118789221,"14":0.0148319923,"15":0.0151141729,"16":0.0171230385,"17":0.0181991903,"18":0.0180642683,"19":0.0208303105}}