{"f2v7n2e20_loss":{"0":0.1140498937,"1":0.0803634073,"2":0.0698097401,"3":0.0592520942,"4":0.0543024294,"5":0.0491017434,"6":0.0458979007,"7":0.0431053737,"8":0.0396577701,"9":0.0366515608,"10":0.0343865284,"11":0.0315396481,"12":0.0288699588,"13":0.0268499004,"14":0.0241280915,"15":0.0222484292,"16":0.0204231943,"17":0.0184814838,"18":0.016867248,"19":0.0151124527},"f2v7n2e20val_loss":{"0":0.1830603978,"1":0.1194227874,"2":0.0810156456,"3":0.0649269711,"4":0.0523190369,"5":0.046803958,"6":0.0426540173,"7":0.0362849781,"8":0.0332244614,"9":0.0330629102,"10":0.027894741,"11":0.0249223791,"12":0.0256802687,"13":0.0196141388,"14":0.0202396749,"15":0.0170984838,"16":0.0142844606,"17":0.0155302364,"18":0.0117809307,"19":0.0109604346}}