{"f5v2n4e20_loss":{"0":0.1435958818,"1":0.1099043972,"2":0.0904846238,"3":0.0737222653,"4":0.0658755102,"5":0.0522682309,"6":0.0438573304,"7":0.0352329617,"8":0.0279955195,"9":0.0213298275,"10":0.0160057303,"11":0.0119456269,"12":0.0087749117,"13":0.0069851683,"14":0.0058456866,"15":0.005280574,"16":0.0046033161,"17":0.0043044455,"18":0.0044499004,"19":0.0037603618},"f5v2n4e20val_loss":{"0":0.3000204073,"1":0.2064482869,"2":0.1373081826,"3":0.1112649525,"4":0.0715613908,"5":0.0607671845,"6":0.045557262,"7":0.0373589356,"8":0.0235157914,"9":0.013807876,"10":0.009856846,"11":0.0061146119,"12":0.0060924211,"13":0.0048616693,"14":0.0046518943,"15":0.0051217238,"16":0.0051935032,"17":0.0054952222,"18":0.0051729761,"19":0.00551506}}