{"f1v5n4e20_loss":{"0":0.0929950424,"1":0.0754379351,"2":0.061893663,"3":0.0467578616,"4":0.0368785846,"5":0.0279393533,"6":0.0197622635,"7":0.0137490309,"8":0.0097009473,"9":0.0063895664,"10":0.0043804187,"11":0.0032752481,"12":0.0026324507,"13":0.0023595212,"14":0.0021036368,"15":0.002089745,"16":0.0019697176,"17":0.0020260878,"18":0.001906732,"19":0.0018634897},"f1v5n4e20val_loss":{"0":0.1414197803,"1":0.0851993026,"2":0.0627028786,"3":0.0566383439,"4":0.0395402719,"5":0.0321644157,"6":0.0278054323,"7":0.0228747962,"8":0.015045274,"9":0.0121366059,"10":0.0107532211,"11":0.0095347241,"12":0.0094624697,"13":0.0073004355,"14":0.007970647,"15":0.0073690576,"16":0.007170548,"17":0.008376162,"18":0.0069381126,"19":0.0072216253}}