{"f5v2n4e20_loss":{"0":0.1576829299,"1":0.1239030266,"2":0.1007325886,"3":0.0886201187,"4":0.0784589132,"5":0.0697464267,"6":0.0633438098,"7":0.058383088,"8":0.0528975774,"9":0.048578755,"10":0.0446533937,"11":0.0409199313,"12":0.0366030521,"13":0.0341808949,"14":0.0298487351,"15":0.0270896069,"16":0.0246164316,"17":0.0218684978,"18":0.0194152539,"19":0.0175319684},"f5v2n4e20val_loss":{"0":0.2571050805,"1":0.1719309066,"2":0.1188139254,"3":0.0864141655,"4":0.0672484435,"5":0.0511522603,"6":0.0398165073,"7":0.0322650812,"8":0.0286306036,"9":0.0225522276,"10":0.018047459,"11":0.0170733746,"12":0.0158116235,"13":0.0114467418,"14":0.010815288,"15":0.0087004993,"16":0.0073841442,"17":0.0055442718,"18":0.0052539116,"19":0.0053099236}}