{"f2v7n2e20_loss":{"0":0.1121983398,"1":0.0893664148,"2":0.0758557204,"3":0.069172684,"4":0.0609543313,"5":0.0562190084,"6":0.0533431266,"7":0.0490628696,"8":0.0456604673,"9":0.0431469334,"10":0.0389956066,"11":0.0356694367,"12":0.0327448997,"13":0.0293529354,"14":0.0259618342,"15":0.0229421236,"16":0.0198508693,"17":0.0173186505,"18":0.014516099,"19":0.012344066},"f2v7n2e20val_loss":{"0":0.1679041163,"1":0.1204944029,"2":0.0925215305,"3":0.0636214576,"4":0.0519453587,"5":0.0493515244,"6":0.0356914885,"7":0.0303712796,"8":0.0270968613,"9":0.0269444659,"10":0.0212985108,"11":0.0201201952,"12":0.0124627329,"13":0.0128316369,"14":0.0083661234,"15":0.0074648495,"16":0.0040551188,"17":0.0026410779,"18":0.0026993507,"19":0.0030353121}}