{"f1v2n2e20_loss":{"0":0.0460425241,"1":0.0370803749,"2":0.0298336126,"3":0.0256007392,"4":0.0214116644,"5":0.0176187496,"6":0.0151432573,"7":0.0121740838,"8":0.0101672113,"9":0.0089553366,"10":0.0080363438,"11":0.0075057794,"12":0.0071802885,"13":0.0068548215,"14":0.0065995863,"15":0.0064996806,"16":0.0061621761,"17":0.0059956768,"18":0.0058892686,"19":0.0057247688},"f1v2n2e20val_loss":{"0":0.0559273372,"1":0.0328239687,"2":0.0222885144,"3":0.0149948623,"4":0.0087637603,"5":0.0047447189,"6":0.0017874818,"7":0.0016476247,"8":0.0016677543,"9":0.0025380501,"10":0.0055273788,"11":0.0071834589,"12":0.0071628677,"13":0.0081176805,"14":0.0079987394,"15":0.0089975784,"16":0.0094114536,"17":0.008148501,"18":0.0080302655,"19":0.0083397241}}