{"f2v1n4e20_loss":{"0":0.1466183548,"1":0.1026074402,"2":0.0760340566,"3":0.058165512,"4":0.0478714801,"5":0.0418972437,"6":0.0369751132,"7":0.0340413419,"8":0.03020273,"9":0.0268109787,"10":0.0241700703,"11":0.0218566666,"12":0.0188113018,"13":0.0160854677,"14":0.0147159305,"15":0.0126571186,"16":0.0103031495,"17":0.0090800422,"18":0.0080183088,"19":0.0069765555},"f2v1n4e20val_loss":{"0":0.2399385289,"1":0.1655867441,"2":0.1100955033,"3":0.075272677,"4":0.0537947255,"5":0.0382505599,"6":0.0287493222,"7":0.0213765034,"8":0.0170794456,"9":0.0147500918,"10":0.0120268201,"11":0.0081427925,"12":0.0075896843,"13":0.0072733591,"14":0.0084150338,"15":0.0040352363,"16":0.0046720983,"17":0.004854055,"18":0.0046311312,"19":0.0047576925}}