{"f2v2n4e20_loss":{"0":0.0395585639,"1":0.0326111065,"2":0.0258365327,"3":0.0202776294,"4":0.0153122144,"5":0.011966694,"6":0.0080884988,"7":0.0061973294,"8":0.0051701012,"9":0.0045154002,"10":0.0044960038,"11":0.0038550411,"12":0.0038051593,"13":0.0035993843,"14":0.0035059106,"15":0.0034135167,"16":0.0032712693,"17":0.0031558593,"18":0.0030773603,"19":0.0029650793},"f2v2n4e20val_loss":{"0":0.0358325688,"1":0.0257351248,"2":0.018728574,"3":0.0143635994,"4":0.0089719822,"5":0.0054359096,"6":0.0045739772,"7":0.0043551555,"8":0.0047054653,"9":0.005077166,"10":0.0052817929,"11":0.00639978,"12":0.0057162288,"13":0.0056531002,"14":0.0060382213,"15":0.0053585562,"16":0.005240832,"17":0.0052507975,"18":0.0051366105,"19":0.0051959157}}