{"f2v2n4e20_loss":{"0":0.232488519,"1":0.1282540242,"2":0.0737594285,"3":0.0538139236,"4":0.0404552704,"5":0.0330850824,"6":0.0287007722,"7":0.0218611858,"8":0.0179278771,"9":0.0151548689,"10":0.0127794335,"11":0.0113832421,"12":0.0103745133,"13":0.0095285307,"14":0.0088736434,"15":0.0084736567,"16":0.0080036004,"17":0.0076581618,"18":0.007552533,"19":0.0074564962},"f2v2n4e20val_loss":{"0":0.2482744742,"1":0.1289155189,"2":0.0689463368,"3":0.0261218919,"4":0.0111850878,"5":0.0044014329,"6":0.001595404,"7":0.0013408774,"8":0.0017641653,"9":0.0028535844,"10":0.0083490251,"11":0.0093713792,"12":0.0107760794,"13":0.0144327762,"14":0.0134087877,"15":0.0152502307,"16":0.0177576178,"17":0.0151986324,"18":0.0136960948,"19":0.0169962056}}