{"f2v5n4e20_loss":{"0":0.0808684716,"1":0.0615577765,"2":0.051158557,"3":0.0429146784,"4":0.0327146765,"5":0.0250373357,"6":0.0187657915,"7":0.0142944002,"8":0.010603001,"9":0.0086577464,"10":0.0070140868,"11":0.0062157092,"12":0.0056888552,"13":0.0051206539,"14":0.0050448619,"15":0.0043446598,"16":0.004583158,"17":0.0043891927,"18":0.0037868631,"19":0.0035160741},"f2v5n4e20val_loss":{"0":0.0600119872,"1":0.055751988,"2":0.050934024,"3":0.0284159878,"4":0.0247691368,"5":0.0211922221,"6":0.0159649916,"7":0.0175722206,"8":0.013868268,"9":0.0139859453,"10":0.0140035026,"11":0.0145979955,"12":0.0153486762,"13":0.0106789629,"14":0.013198822,"15":0.0171065654,"16":0.0156856167,"17":0.0144156338,"18":0.0164161338,"19":0.0167203763}}