{"f2v7n4e20_loss":{"0":0.1592214277,"1":0.1056622535,"2":0.0802009155,"3":0.067913869,"4":0.0614806456,"5":0.0563435267,"6":0.0530087534,"7":0.0487999643,"8":0.0465423994,"9":0.0429750944,"10":0.0398202999,"11":0.0361283969,"12":0.0327708243,"13":0.0292041835,"14":0.0249252268,"15":0.0206211253,"16":0.016842121,"17":0.0135833423,"18":0.0119787304,"19":0.0095999468},"f2v7n4e20val_loss":{"0":0.2428768948,"1":0.1489739421,"2":0.1017775115,"3":0.0796190406,"4":0.0624256754,"5":0.0550937712,"6":0.0522890517,"7":0.0423866054,"8":0.0353312063,"9":0.0337276435,"10":0.0371212853,"11":0.0278975302,"12":0.0249258582,"13":0.0208366221,"14":0.0160228732,"15":0.0117015908,"16":0.0091555902,"17":0.0082019574,"18":0.0073233689,"19":0.0096635627}}