{"RMSE":{"f1":500.1889991028,"f2":1560.7287602576,"f3":1426.4004096723}}