Simulacion,RMSE
f1,500.1889991028144
f2,1560.7287602576057
f3,1426.4004096722988
