{"f5v7n2e20_loss":{"0":0.0906730447,"1":0.0707042636,"2":0.05727056,"3":0.0475766808,"4":0.04091326,"5":0.0351401792,"6":0.0290740344,"7":0.0244450659,"8":0.01983204,"9":0.0166250846,"10":0.0147034126,"11":0.0121143588,"12":0.0108681723,"13":0.0098062274,"14":0.0091785931,"15":0.0085547234,"16":0.0080914858,"17":0.0079045277,"18":0.0075507726,"19":0.007307361},"f5v7n2e20val_loss":{"0":0.0075701722,"1":0.0121107117,"2":0.0148533896,"3":0.0142216625,"4":0.0115690866,"5":0.0075468288,"6":0.0052165532,"7":0.0033690419,"8":0.0033169297,"9":0.0038018052,"10":0.0068121188,"11":0.0076365158,"12":0.0088808866,"13":0.0113050199,"14":0.0125611491,"15":0.011580938,"16":0.0140297433,"17":0.0144181507,"18":0.0133241288,"19":0.0145801475}}