{"f7v2n2e20_loss":{"0":0.1431458481,"1":0.1132365562,"2":0.0956512654,"3":0.0770319135,"4":0.069147663,"5":0.0598467065,"6":0.054710386,"7":0.0493877586,"8":0.0445951201,"9":0.0404973101,"10":0.0367189721,"11":0.0329511212,"12":0.0291378909,"13":0.0259282938,"14":0.0230064957,"15":0.0203644114,"16":0.0177456895,"17":0.0154900998,"18":0.0135923542,"19":0.012058747},"f7v2n2e20val_loss":{"0":0.2867270459,"1":0.2218590607,"2":0.1570203118,"3":0.1274600581,"4":0.0944212388,"5":0.0811123368,"6":0.0614387886,"7":0.0511223571,"8":0.0429507257,"9":0.0429631838,"10":0.0328460599,"11":0.0281134541,"12":0.0228657109,"13":0.0210321975,"14":0.0180140476,"15":0.0160154963,"16":0.012663509,"17":0.0110761642,"18":0.0097399232,"19":0.0080943139}}