{"f1v1n4e20_loss":{"0":0.0746154123,"1":0.0604012267,"2":0.0513383572,"3":0.0438569929,"4":0.0388861949,"5":0.0347013968,"6":0.0318148717,"7":0.0281623753,"8":0.0253524081,"9":0.0218594211,"10":0.0194100638,"11":0.0166548117,"12":0.013821738,"13":0.0114082816,"14":0.0096852067,"15":0.0084694199,"16":0.0067411505,"17":0.0059257568,"18":0.0051233805,"19":0.0046330532},"f1v1n4e20val_loss":{"0":0.1264432535,"1":0.098824393,"2":0.0756153378,"3":0.0592210363,"4":0.047898836,"5":0.0349999942,"6":0.0254308421,"7":0.0240123298,"8":0.0179392707,"9":0.0151783185,"10":0.0125302441,"11":0.008720888,"12":0.0073705279,"13":0.0057298698,"14":0.0050205308,"15":0.0025765597,"16":0.0031359715,"17":0.002552241,"18":0.0027309718,"19":0.0028429775}}