{"f2v5n2e20_loss":{"0":0.0765255206,"1":0.0619924715,"2":0.0527183253,"3":0.0452517946,"4":0.0387472542,"5":0.0339656879,"6":0.0284127772,"7":0.0235396252,"8":0.0188753372,"9":0.0150274373,"10":0.0127710691,"11":0.0100941164,"12":0.0087160977,"13":0.0075159391,"14":0.0066147061,"15":0.0060213912,"16":0.0058071028,"17":0.0054647605,"18":0.0049979188,"19":0.0049264593},"f2v5n2e20val_loss":{"0":0.1019451488,"1":0.072182794,"2":0.0461343017,"3":0.0296070661,"4":0.0209300614,"5":0.0119039803,"6":0.0075625542,"7":0.0043759813,"8":0.0033215135,"9":0.0024262124,"10":0.0034186083,"11":0.0044951365,"12":0.0057922478,"13":0.0088741876,"14":0.0113763657,"15":0.0114171898,"16":0.0143627867,"17":0.013054472,"18":0.0150401025,"19":0.0154871439}}