{"f7v2n4e35_loss":{"0":0.1120198102,"1":0.1008661086,"2":0.0913511506,"3":0.0830982063,"4":0.0769980194,"5":0.0715637574,"6":0.0666274143,"7":0.0634880527,"8":0.0600008905,"9":0.0575673381,"10":0.0552804794,"11":0.0536606102,"12":0.0514910349,"13":0.050141735,"14":0.0486094711,"15":0.0465980962,"16":0.0454203147,"17":0.0437290214,"18":0.0420102868,"19":0.0404962807,"20":0.0396040793,"21":0.0373752646,"22":0.0357762257,"23":0.0339153117,"24":0.032232257,"25":0.0305136042,"26":0.0287958253,"27":0.0270864152,"28":0.0251311584,"29":0.0235510509,"30":0.0215756802,"31":0.0196824307,"32":0.0182021251,"33":0.0163042995,"34":0.0147229944},"f7v2n4e35val_loss":{"0":0.1960496358,"1":0.1731473754,"2":0.1522342002,"3":0.1348765895,"4":0.1195846315,"5":0.1048188493,"6":0.0960447793,"7":0.0849309638,"8":0.0767666826,"9":0.0675109921,"10":0.0605370635,"11":0.0537342312,"12":0.0494084789,"13":0.0460918847,"14":0.0441701718,"15":0.0404684269,"16":0.0357659901,"17":0.0334569262,"18":0.0318562869,"19":0.0318316858,"20":0.0268608471,"21":0.0279859793,"22":0.024759852,"23":0.0233147588,"24":0.0211469364,"25":0.0190607424,"26":0.0178405654,"27":0.0165807231,"28":0.0144469636,"29":0.0125604436,"30":0.0130336044,"31":0.0109091316,"32":0.0093550028,"33":0.0091755552,"34":0.0079081667}}