{"f2v1n4e20_loss":{"0":0.1228656165,"1":0.0747054646,"2":0.0438209252,"3":0.0273110203,"4":0.0189282954,"5":0.0155963825,"6":0.0129092655,"7":0.0113028753,"8":0.0102497775,"9":0.0087614636,"10":0.0081541804,"11":0.0072912132,"12":0.0068682133,"13":0.0065089425,"14":0.0062999523,"15":0.0059441458,"16":0.0059091127,"17":0.005710156,"18":0.0054601519,"19":0.0058265527},"f2v1n4e20val_loss":{"0":0.1958935614,"1":0.1156150695,"2":0.0599679476,"3":0.0290098347,"4":0.016270117,"5":0.0117429351,"6":0.0097609483,"7":0.0103851649,"8":0.0083253643,"9":0.0094241197,"10":0.0101774839,"11":0.0094932029,"12":0.0096256278,"13":0.0100140189,"14":0.0101214113,"15":0.0102243018,"16":0.0104885348,"17":0.0104160173,"18":0.0103890394,"19":0.0106170914}}