{"f2v7n2e35_loss":{"0":0.0362413332,"1":0.02762453,"2":0.0219675948,"3":0.0195225753,"4":0.0171519039,"5":0.0151534196,"6":0.0131853363,"7":0.0118819687,"8":0.0098439037,"9":0.0084292141,"10":0.0072845721,"11":0.0056597039,"12":0.0047814205,"13":0.0038208715,"14":0.0033046102,"15":0.0026925111,"16":0.0023273519,"17":0.0020624826,"18":0.0018976398,"19":0.0017851282,"20":0.0017556542,"21":0.0016919853,"22":0.00166325,"23":0.0016394137,"24":0.0016422216,"25":0.0016553009,"26":0.0016353939,"27":0.0016628091,"28":0.0016391307,"29":0.0016604338,"30":0.0016121461,"31":0.0016776615,"32":0.0016786247,"33":0.0016048143,"34":0.0016625251},"f2v7n2e35val_loss":{"0":0.0456084105,"1":0.0304637997,"2":0.0211032107,"3":0.0131247079,"4":0.0098475092,"5":0.0077677704,"6":0.0065986735,"7":0.0042275922,"8":0.0044136926,"9":0.0031031491,"10":0.0024594951,"11":0.0022026161,"12":0.0022085568,"13":0.0020212741,"14":0.0020295516,"15":0.0020133173,"16":0.0022093787,"17":0.0021320578,"18":0.0024925894,"19":0.0025863464,"20":0.0026442576,"21":0.0027450905,"22":0.0027572099,"23":0.0028488443,"24":0.0029740451,"25":0.0030640173,"26":0.0029133926,"27":0.0027654327,"28":0.0030534334,"29":0.0028793854,"30":0.0030792947,"31":0.0026685189,"32":0.0032185367,"33":0.0030785505,"34":0.0030786798}}