{"f2v1n2e20_loss":{"0":0.0669634162,"1":0.0577004859,"2":0.0512016003,"3":0.0455381348,"4":0.0419554961,"5":0.0391045715,"6":0.0359624416,"7":0.0335451336,"8":0.0309123557,"9":0.0282134755,"10":0.0263084668,"11":0.0230489195,"12":0.0204281246,"13":0.0179416196,"14":0.0155860908,"15":0.0132036709,"16":0.0114408831,"17":0.0095011921,"18":0.0080289211,"19":0.0069315536},"f2v1n2e20val_loss":{"0":0.1157316664,"1":0.0948042375,"2":0.0764729918,"3":0.0630893458,"4":0.0522833216,"5":0.0415805147,"6":0.0353887824,"7":0.02966062,"8":0.025969801,"9":0.0238886226,"10":0.0176976903,"11":0.0170514363,"12":0.0139622079,"13":0.011760977,"14":0.0098683816,"15":0.0078249471,"16":0.0062099181,"17":0.0054360545,"18":0.004345503,"19":0.0035200035}}