{"f7v1n4e20_loss":{"0":0.0437932557,"1":0.0384823393,"2":0.0334602219,"3":0.0297919425,"4":0.0259840313,"5":0.0222123828,"6":0.0192151463,"7":0.0164765698,"8":0.0142535084,"9":0.012240331,"10":0.0110774378,"11":0.0098050186,"12":0.0086650101,"13":0.007978358,"14":0.0074593635,"15":0.0070453042,"16":0.0069943834,"17":0.0064489036,"18":0.0060308826,"19":0.0059374665},"f7v1n4e20val_loss":{"0":0.0403268196,"1":0.0239550643,"2":0.0215346933,"3":0.0142562355,"4":0.014860283,"5":0.0103388203,"6":0.0068161663,"7":0.0060143583,"8":0.0047165579,"9":0.004908099,"10":0.0047110316,"11":0.0049565218,"12":0.0051535744,"13":0.0057359651,"14":0.0062720613,"15":0.0074798369,"16":0.0065852913,"17":0.0082511699,"18":0.0072037406,"19":0.0072190726}}