{"f1v7n2e20_loss":{"0":0.1589988773,"1":0.1018008573,"2":0.071719934,"3":0.0546971511,"4":0.0461568402,"5":0.0418861424,"6":0.0392195637,"7":0.0373443186,"8":0.0354106078,"9":0.0335231474,"10":0.0312378656,"11":0.0294904994,"12":0.0277351005,"13":0.0259227027,"14":0.0237937969,"15":0.0220665459,"16":0.0201984833,"17":0.0188165474,"18":0.0171447887,"19":0.0156006342},"f1v7n2e20val_loss":{"0":0.2459731241,"1":0.1511184274,"2":0.0956410528,"3":0.0654455718,"4":0.0502591808,"5":0.0417853019,"6":0.030456451,"7":0.0267643296,"8":0.0271797208,"9":0.0234870237,"10":0.0204001738,"11":0.019029831,"12":0.0164026746,"13":0.0147028379,"14":0.0140160177,"15":0.0135965421,"16":0.011308711,"17":0.0088757747,"18":0.0084041126,"19":0.0076835984}}