{"f5v7n2e35_loss":{"0":0.1411248892,"1":0.1225146476,"2":0.1081729273,"3":0.0980265941,"4":0.0907597641,"5":0.084300022,"6":0.0788728342,"7":0.074598955,"8":0.0705942357,"9":0.0675528697,"10":0.0664696678,"11":0.0621591256,"12":0.0593267637,"13":0.0574320393,"14":0.0553663335,"15":0.0530137203,"16":0.0508993335,"17":0.0487002024,"18":0.046540832,"19":0.0448147512,"20":0.0425756656,"21":0.0405998293,"22":0.039931366,"23":0.0369587595,"24":0.0347272237,"25":0.032891873,"26":0.0310610413,"27":0.029249739,"28":0.027529859,"29":0.0259558223,"30":0.0240061992,"31":0.0222562972,"32":0.0207557659,"33":0.0193140207,"34":0.0178359149},"f5v7n2e35val_loss":{"0":0.2388960657,"1":0.2035797273,"2":0.1775616607,"3":0.1552648609,"4":0.1339291438,"5":0.1173427202,"6":0.1033402629,"7":0.0883238776,"8":0.0811398103,"9":0.0721961555,"10":0.05730488,"11":0.0534440803,"12":0.0499071723,"13":0.0420434053,"14":0.0429534808,"15":0.03777174,"16":0.0328960592,"17":0.0310934726,"18":0.0303294206,"19":0.026838724,"20":0.0251514241,"21":0.0249388489,"22":0.0198386298,"23":0.0219083321,"24":0.0202904176,"25":0.0180466247,"26":0.0162436777,"27":0.0153849461,"28":0.0156460306,"29":0.0137752527,"30":0.0144341165,"31":0.0127580213,"32":0.0112136498,"33":0.0098029173,"34":0.0108309344}}