{"f1v5n2e20_loss":{"0":0.1343510377,"1":0.1070752289,"2":0.0900781858,"3":0.0788915618,"4":0.0683557692,"5":0.0609489628,"6":0.053540692,"7":0.0480331844,"8":0.0439117915,"9":0.0405257551,"10":0.0368398324,"11":0.0337441698,"12":0.0302340493,"13":0.0267221978,"14":0.0236771173,"15":0.0218379296,"16":0.0177139876,"17":0.0155130019,"18":0.0133438175,"19":0.01148786},"f1v5n2e20val_loss":{"0":0.2334335509,"1":0.189615698,"2":0.1562034287,"3":0.1249656745,"4":0.1008579179,"5":0.0794434549,"6":0.0608929593,"7":0.0509211172,"8":0.0379541271,"9":0.0307938234,"10":0.0263510228,"11":0.0240878292,"12":0.0205961139,"13":0.0175305642,"14":0.0145240908,"15":0.0098536681,"16":0.00998878,"17":0.0079228362,"18":0.0059792728,"19":0.0067579494}}