{"f1v5n2e20_loss":{"0":0.0967136573,"1":0.0764609479,"2":0.0597914341,"3":0.0443066841,"4":0.0341825189,"5":0.0256745987,"6":0.0179728644,"7":0.0136996536,"8":0.0087904415,"9":0.007316477,"10":0.006162846,"11":0.0057400595,"12":0.0054428084,"13":0.0057360527,"14":0.0050610069,"15":0.0050485463,"16":0.0050911932,"17":0.0047015287,"18":0.0044774979,"19":0.004640893},"f1v5n2e20val_loss":{"0":0.1470445815,"1":0.0868647755,"2":0.0733824582,"3":0.0622652942,"4":0.0447752111,"5":0.0306635307,"6":0.0340592725,"7":0.0207362563,"8":0.0222253596,"9":0.0213451064,"10":0.0234701213,"11":0.0218614807,"12":0.0227056852,"13":0.0215077359,"14":0.0211773562,"15":0.0235167566,"16":0.0205538381,"17":0.0224803918,"18":0.0220548037,"19":0.0214218121}}