{"f1v5n2e20_loss":{"0":0.0741989966,"1":0.0436601568,"2":0.0298038558,"3":0.0220941082,"4":0.0162176514,"5":0.0115281672,"6":0.0082322125,"7":0.0055601624,"8":0.0038837466,"9":0.0031443309,"10":0.0024418365,"11":0.0023002098,"12":0.0021587638,"13":0.0020162639,"14":0.0019860326,"15":0.0020696262,"16":0.0019186404,"17":0.0019081747,"18":0.0019108337,"19":0.0018685381},"f1v5n2e20val_loss":{"0":0.0031299541,"1":0.0113458785,"2":0.0242344734,"3":0.0206068988,"4":0.0194229664,"5":0.0181009768,"6":0.015235042,"7":0.0139793593,"8":0.0093939614,"9":0.0069394366,"10":0.0054394044,"11":0.0050902397,"12":0.0050837248,"13":0.0051652074,"14":0.0043820044,"15":0.0045747492,"16":0.0042704998,"17":0.0054604181,"18":0.0050512271,"19":0.0048551675}}