{"f1v1n2e20_loss":{"0":0.1490096182,"1":0.1140688192,"2":0.0915070355,"3":0.0756445657,"4":0.0647161061,"5":0.0566489347,"6":0.0494847104,"7":0.0445517075,"8":0.0395516736,"9":0.0373023395,"10":0.0340906155,"11":0.0302819663,"12":0.0278144894,"13":0.0251356476,"14":0.0230795395,"15":0.0210622466,"16":0.0189333405,"17":0.0168403512,"18":0.0156844339,"19":0.014113944},"f1v1n2e20val_loss":{"0":0.2585612386,"1":0.1940673496,"2":0.1505432247,"3":0.12145843,"4":0.0959607743,"5":0.0732580994,"6":0.0565374405,"7":0.0409680493,"8":0.0342078505,"9":0.0242710344,"10":0.017029971,"11":0.0140897572,"12":0.011737568,"13":0.0099187,"14":0.0069626202,"15":0.0056089711,"16":0.0053579878,"17":0.0051348355,"18":0.0042810267,"19":0.0038869069}}