{"f7v1n4e20_loss":{"0":0.09793867,"1":0.0482822819,"2":0.0307610481,"3":0.0246069641,"4":0.0229152866,"5":0.0193804691,"6":0.0176026523,"7":0.0164193456,"8":0.015801226,"9":0.0138033333,"10":0.0134407775,"11":0.0135681819,"12":0.0117821366,"13":0.0113671643,"14":0.0110225189,"15":0.010568788,"16":0.010375723,"17":0.0102105987,"18":0.0100998422,"19":0.0096117218},"f7v1n4e20val_loss":{"0":0.1396653648,"1":0.0578992996,"2":0.0228828299,"3":0.0195031487,"4":0.0149315451,"5":0.0170062738,"6":0.0170546259,"7":0.0151059318,"8":0.0170142263,"9":0.0150881203,"10":0.0156324274,"11":0.0184669704,"12":0.0151603246,"13":0.0157056655,"14":0.0152348273,"15":0.0159784144,"16":0.016387013,"17":0.0151693879,"18":0.0163369286,"19":0.0146921255}}