{"f5v2n4e35_loss":{"0":0.1316972285,"1":0.1149257732,"2":0.1009340082,"3":0.0901474404,"4":0.0831594357,"5":0.0756393127,"6":0.0713273141,"7":0.0662553002,"8":0.0633167416,"9":0.0601640685,"10":0.0574832076,"11":0.0552592402,"12":0.0533251361,"13":0.0514987555,"14":0.050179675,"15":0.048143093,"16":0.0466208422,"17":0.045133637,"18":0.043556373,"19":0.0423823976,"20":0.0407611713,"21":0.0396528552,"22":0.0380635162,"23":0.0367514873,"24":0.0357599508,"25":0.0342531222,"26":0.0328121973,"27":0.0316124802,"28":0.030310344,"29":0.0288664905,"30":0.0275756351,"31":0.0263754752,"32":0.0248430577,"33":0.0241169801,"34":0.0224200111},"f5v2n4e35val_loss":{"0":0.2360291598,"1":0.2021805855,"2":0.1752229591,"3":0.1528971976,"4":0.1300957859,"5":0.1146605306,"6":0.0991059692,"7":0.0909013155,"8":0.0820648739,"9":0.075147128,"10":0.0672811596,"11":0.060160758,"12":0.054323337,"13":0.0510977122,"14":0.0465474395,"15":0.0452077434,"16":0.0427998418,"17":0.0400414069,"18":0.037190845,"19":0.0351235987,"20":0.0331428319,"21":0.0307369467,"22":0.0306537256,"23":0.0296105033,"24":0.0263585054,"25":0.027157799,"26":0.0240988743,"27":0.02258989,"28":0.0212952921,"29":0.02061048,"30":0.0193954801,"31":0.0190185881,"32":0.0183780664,"33":0.0162076665,"34":0.0155628993}}