{"f2v2n2e20_loss":{"0":0.1288926069,"1":0.1094979914,"2":0.0947379079,"3":0.0855812641,"4":0.0782397881,"5":0.0736908287,"6":0.0688327892,"7":0.0653460427,"8":0.0619521637,"9":0.0596483544,"10":0.0570252408,"11":0.0553451779,"12":0.0528732976,"13":0.050954877,"14":0.0491499978,"15":0.0472320574,"16":0.0455297673,"17":0.0442593453,"18":0.0424247452,"19":0.0414672724},"f2v2n2e20val_loss":{"0":0.2248536619,"1":0.1640279907,"2":0.1297377039,"3":0.1055027259,"4":0.0913082343,"5":0.078844109,"6":0.0708164,"7":0.063816313,"8":0.05591463,"9":0.0511505962,"10":0.0495468382,"11":0.0436504102,"12":0.0414973301,"13":0.0403597908,"14":0.0383997357,"15":0.037283588,"16":0.0350766057,"17":0.0319097551,"18":0.0313843749,"19":0.0273926509}}