{"f2v2n2e20_loss":{"0":0.14710144,"1":0.0923329813,"2":0.0625195266,"3":0.0516551848,"4":0.0442036232,"5":0.0410346714,"6":0.0374293783,"7":0.0356467107,"8":0.0330232206,"9":0.0309030423,"10":0.0295276052,"11":0.0268305383,"12":0.0249892727,"13":0.0229502993,"14":0.0216261022,"15":0.0199557516,"16":0.0180469002,"17":0.0169308771,"18":0.0151543098,"19":0.0137334108},"f2v2n2e20val_loss":{"0":0.2261097541,"1":0.1335271058,"2":0.0890245084,"3":0.0612437536,"4":0.0502526428,"5":0.0380409595,"6":0.0347262368,"7":0.0281359623,"8":0.0292822088,"9":0.0255729073,"10":0.0217352453,"11":0.0220092792,"12":0.0204923772,"13":0.0171912899,"14":0.0148051741,"15":0.0146001196,"16":0.0146613991,"17":0.0132211612,"18":0.0123668117,"19":0.0108284556}}