{"f7v7n4e20_loss":{"0":0.0562542814,"1":0.0494097589,"2":0.0444997691,"3":0.0427509451,"4":0.0355616553,"5":0.0308101895,"6":0.0265488499,"7":0.0224569275,"8":0.0192263611,"9":0.0159461658,"10":0.0132701885,"11":0.0106626149,"12":0.0092201588,"13":0.0081658268,"14":0.006739069,"15":0.006302566,"16":0.0057814002,"17":0.0055541091,"18":0.0051658445,"19":0.0049314493},"f7v7n4e20val_loss":{"0":0.0483382379,"1":0.0476412558,"2":0.0405899252,"3":0.0285173948,"4":0.0259411647,"5":0.0290651302,"6":0.0214337102,"7":0.0166952572,"8":0.0129184247,"9":0.0102653789,"10":0.006609995,"11":0.0073444452,"12":0.0073762698,"13":0.0065902116,"14":0.00711944,"15":0.0074622474,"16":0.0081285002,"17":0.0080929152,"18":0.0087824574,"19":0.0092044249}}