{"f1v2n4e20_loss":{"0":0.1799746878,"1":0.1291709126,"2":0.1002104845,"3":0.0819792672,"4":0.0693476715,"5":0.0594676955,"6":0.0522811015,"7":0.0473659385,"8":0.042126955,"9":0.0376225152,"10":0.0337960134,"11":0.0319527705,"12":0.0265106144,"13":0.0233039998,"14":0.0206926374,"15":0.0185542018,"16":0.0155643687,"17":0.0137292018,"18":0.0122284358,"19":0.0114127268},"f1v2n4e20val_loss":{"0":0.270392044,"1":0.2016963941,"2":0.1592863625,"3":0.1232114607,"4":0.0955139248,"5":0.0732318261,"6":0.0513040798,"7":0.0352925121,"8":0.026280994,"9":0.0186685133,"10":0.0145632367,"11":0.0067666053,"12":0.0071189456,"13":0.0032240065,"14":0.0034032947,"15":0.0021569439,"16":0.0027392912,"17":0.0032808402,"18":0.004935217,"19":0.0058968805}}