{"columns":["Prediccion","holtwinters"],"index":[1535760000000,1535846400000,1535932800000],"data":[[300.5264282227,237.1273401869],[271.1954040527,233.1797880733],[245.4391784668,222.3466392235]]}