{"f1v5n4e35_loss":{"0":0.0357205813,"1":0.0259081091,"2":0.0200505677,"3":0.0168723859,"4":0.0149285064,"5":0.0121115597,"6":0.0101073205,"7":0.0083759452,"8":0.006693458,"9":0.0053535084,"10":0.0042368625,"11":0.0033079625,"12":0.0026882522,"13":0.002043707,"14":0.001730827,"15":0.0015260309,"16":0.0013537408,"17":0.0012722799,"18":0.0012023679,"19":0.0011913626,"20":0.0011927249,"21":0.0011689788,"22":0.0011324603,"23":0.0011391864,"24":0.0011037629,"25":0.0011636738,"26":0.00118489,"27":0.0012134985,"28":0.0011052934,"29":0.0011797345,"30":0.0011315529,"31":0.0011406815,"32":0.0011121308,"33":0.0011749681,"34":0.0011073738},"f1v5n4e35val_loss":{"0":0.0453251081,"1":0.0267491539,"2":0.0168948889,"3":0.0111628904,"4":0.0103845163,"5":0.0061153143,"6":0.00479136,"7":0.0030193621,"8":0.0025562562,"9":0.0026915496,"10":0.001559731,"11":0.0014300483,"12":0.0013360624,"13":0.001343989,"14":0.0013662264,"15":0.001378112,"16":0.0014917169,"17":0.0014805938,"18":0.0016106224,"19":0.0017048859,"20":0.0016269578,"21":0.0016983127,"22":0.0016154207,"23":0.0017440945,"24":0.001566367,"25":0.001630557,"26":0.0015251336,"27":0.0019469619,"28":0.0015598058,"29":0.0015219413,"30":0.0018808402,"31":0.0017033597,"32":0.0015628984,"33":0.0016565137,"34":0.0016626755}}