{"f2v2n4e20_loss":{"0":0.0467702374,"1":0.0387822125,"2":0.0343385434,"3":0.0306901427,"4":0.025840971,"5":0.0225365106,"6":0.0205295889,"7":0.0186573528,"8":0.0165576603,"9":0.0156164472,"10":0.014636609,"11":0.0140642328,"12":0.0131505501,"13":0.0123775526,"14":0.0119495139,"15":0.0121197391,"16":0.0112935753,"17":0.0109090626,"18":0.0099615624,"19":0.0097013853},"f2v2n4e20val_loss":{"0":0.0120057432,"1":0.0068690263,"2":0.0048307063,"3":0.0032695416,"4":0.0037349584,"5":0.0044482191,"6":0.0058374893,"7":0.0089122317,"8":0.0082241733,"9":0.009617956,"10":0.0085927983,"11":0.0104147689,"12":0.0131129151,"13":0.010826055,"14":0.0099027936,"15":0.0122306399,"16":0.0099098507,"17":0.0104233814,"18":0.0132260407,"19":0.0124715295}}