{"f2v7n4e20_loss":{"0":0.0675961135,"1":0.0501750988,"2":0.0410446931,"3":0.0321259697,"4":0.0253143429,"5":0.0205623044,"6":0.0150441377,"7":0.0122186748,"8":0.0109504624,"9":0.008859957,"10":0.0080989656,"11":0.0074279058,"12":0.0071710035,"13":0.0065800182,"14":0.0066266877,"15":0.0061891672,"16":0.0057717483,"17":0.0054564918,"18":0.005403415,"19":0.0049459362},"f2v7n4e20val_loss":{"0":0.0360767592,"1":0.0204744213,"2":0.0128719272,"3":0.0053544967,"4":0.0083943756,"5":0.0025032966,"6":0.0020240465,"7":0.0022453828,"8":0.0033439348,"9":0.0037487658,"10":0.0048128535,"11":0.0040639846,"12":0.0061330375,"13":0.0061402116,"14":0.0065992276,"15":0.0061824556,"16":0.0062220724,"17":0.0050481074,"18":0.0070311988,"19":0.0054383697}}