{"f2v7n4e20_loss":{"0":0.0290431121,"1":0.0126394055,"2":0.0109425856,"3":0.0103109547,"4":0.0092629735,"5":0.0073913197,"6":0.0072268808,"7":0.0065011324,"8":0.0061419537,"9":0.0058536864,"10":0.0055520846,"11":0.0054177343,"12":0.0050777417,"13":0.0046965754,"14":0.0047735957,"15":0.0046330694,"16":0.0043937772,"17":0.0042612265,"18":0.003934851,"19":0.0037413813},"f2v7n4e20val_loss":{"0":0.0172543847,"1":0.0158983686,"2":0.0156439521,"3":0.0137608808,"4":0.0145212754,"5":0.015162883,"6":0.0139567185,"7":0.0141845111,"8":0.0135656319,"9":0.0118444378,"10":0.0120602263,"11":0.010285211,"12":0.0116490315,"13":0.0107551176,"14":0.0101180371,"15":0.0095564152,"16":0.0120479973,"17":0.010643468,"18":0.0105422409,"19":0.0100189206}}